,Algorithm,Run,Step,Mean Reward,Uncertainty,Distance,Collisions,RMSE
0,Noisy DRL,0,0,1.5091727816197669e+00,0.3654069513124644,15.474016296227397,0,0.9676325796838181
1,Noisy DRL,0,1,2.852735174558127,0.36105186287053137,14.948763034739972,0,1.007660155087595
2,Noisy DRL,0,2,4.179416850353498,0.35675148516058525,14.454224259766864,0,1.0018635960931694
3,Noisy DRL,0,3,5.4843195324073575,0.35252170299472546,13.945633345776072,0,1.002641213123565
4,Noisy DRL,0,4,6.77146735542713,0.34834947253017007,13.151167817727806,0,0.9711639701626597
5,Noisy DRL,0,5,8.059593212344232,0.34417407357244345,12.382887932919514,0,0.9370290854690676
6,Noisy DRL,0,6,9.37322490499694,0.339916020790716,11.64941308003637,0,0.8898040058963664
7,Noisy DRL,0,7,10.673927065909556,0.33569987849747185,11.319492739804895,0,0.8394419349220528
8,Noisy DRL,0,8,11.997893450319642,0.3314083111891061,10.844023086339034,0,0.7827197029520304
9,Noisy DRL,0,9,13.25406850070435,0.32733648278936084,11.167612374628098,0,0.7276669749565985
10,Noisy DRL,0,10,14.563908305936216,0.3230906973453999,11.486958869214412,0,0.6818847197290756
11,Noisy DRL,0,11,15.850003364575528,0.31892187899775526,11.660613965198367,0,0.6315592275640936
12,Noisy DRL,0,12,17.068747645906008,0.31497138088554305,11.330683711239077,0,0.4884425338847092
13,Noisy DRL,0,13,18.348624164642338,0.3108227196935931,11.41917910919173,0,0.4672958208538552
14,Noisy DRL,0,14,19.66910711463372,0.3065424360779223,11.609170168426093,0,0.44822471406193715
15,Noisy DRL,0,15,20.954057723716325,0.3023773482331137,12.21225240898714,0,0.43405858392731755
16,Noisy DRL,0,16,22.26268051278406,0.2980880857421107,12.88258837273638,0,0.423617587642044
17,Noisy DRL,0,17,23.591200403892174,0.29375603050411786,13.425907872496865,0,0.41491144381807016
18,Noisy DRL,0,18,24.791596157061047,0.2898650286381305,13.669420417147219,0,0.4080723813378758
19,Noisy DRL,0,19,25.760547274367443,0.2867242243302894,14.350848890649555,0,0.40556446003187074
20,Noisy DRL,0,20,26.81387148986824,0.28330992220566403,14.891770873015838,0,0.2882588301577661
21,Noisy DRL,0,21,27.81011952829768,0.2800806296481291,15.172961099523357,0,0.2943618826277788
22,Noisy DRL,0,22,28.956864593017585,0.276363507794955,16.070305061178804,0,0.2107764529652418
23,Noisy DRL,0,23,30.12808126741838,0.27256706233468864,16.76263919105335,0,0.16677392271940933
24,Noisy DRL,0,24,31.343056657338234,0.2686287749925633,17.46509961120985,0,0.1295381491115843
25,Noisy DRL,0,25,32.59536765543183,0.26456946597843456,18.49368569837893,0,0.07975038395195654
26,Noisy DRL,0,26,33.94089007013639,0.2602080164063674,19.066880946930656,0,0.0747379095959266
27,Noisy DRL,0,27,35.26510836104731,0.25591562318041605,19.761359319623537,0,0.0677545441313046
28,Noisy DRL,0,28,36.61819309637632,0.25152966069083516,20.31067776743259,0,0.06553694728372847
29,Noisy DRL,0,29,37.99186205003804,0.24707697539587015,20.87921314906417,0,0.03127588536839411
30,Noisy DRL,0,30,39.37019166769034,0.2426091827713932,21.65456258901746,0,0.03233150055036149
31,Noisy DRL,0,31,40.68589947987019,0.2383443758743276,22.388970054756065,0,0.034820156491879736
32,Noisy DRL,0,32,42.02672711146144,0.2339981442277104,23.167850081219584,0,0.03459408282472293
33,Noisy DRL,0,33,43.222695482123605,0.23012146727204363,23.54923196364339,0,0.032518839272298046
34,Noisy DRL,0,34,44.36100089561743,0.22643170216364136,23.748633423781847,0,0.03245610312933981
35,Noisy DRL,0,35,45.40504420145073,0.22304748338046898,23.25553991944105,0,0.032331735678666686
36,Noisy DRL,0,36,46.47644629043939,0.21957458260079368,22.533192981806486,0,0.03026818191929811
37,Noisy DRL,0,37,47.637552748143364,0.21581091838805522,21.961794432067162,0,0.03008125681855158
38,Noisy DRL,0,38,48.8039590490608,0.21186209524611807,21.00395209335651,0,0.029694009003714036
39,Noisy DRL,0,39,50.06743768181755,0.20772100952679146,20.638787443686493,0,0.028639256790720925
40,Noisy DRL,0,40,51.33936026727604,0.20359813231620555,20.709444727982774,0,0.027384049022044683
41,Noisy DRL,0,41,52.60399715727013,0.19949886981599518,20.945501879252074,0,0.025326885225031803
42,Noisy DRL,0,42,53.859422034444705,0.1954294673170709,21.150205097941964,0,0.023203428913530538
43,Noisy DRL,0,43,55.065423795503655,0.19152026760883656,21.34006306146432,0,0.02104862506302337
44,Noisy DRL,0,44,56.21841667270077,0.1877828938876997,21.599879594430437,0,0.019082242956423075
45,Noisy DRL,0,45,57.3564562105053,0.1840939912205197,21.590471947755628,0,0.018438311280145843
46,Noisy DRL,0,46,58.36632889800185,0.1808205349852515,22.01066860315891,0,0.017016811701855625
47,Noisy DRL,0,47,59.33034530120038,0.17769572007866258,21.835630390187823,0,0.015562576304075666
48,Noisy DRL,0,48,60.292541583241835,0.17457680659901378,21.644587351478055,0,0.014865902055485901
49,Noisy DRL,0,49,61.419396901649364,0.17092415704187286,21.495216528462763,0,0.013396589681855817
50,Noisy DRL,0,50,62.63136624539323,0.16699562660651396,21.065232443096665,0,0.01270267734445446
51,Noisy DRL,0,51,63.840103759961536,0.1630775710231236,20.47450454320868,0,0.012196792334247128
52,Noisy DRL,0,52,65.03221379854993,0.15921347065426883,19.774973811736096,0,0.01160527365946407
53,Noisy DRL,0,53,66.12678721974584,0.15566546082039415,19.160248259688665,0,0.010654812183547866
54,Noisy DRL,0,54,67.23528929913789,0.15207230186312182,18.58754334996513,0,0.009799680150205544
55,Noisy DRL,0,55,68.266638581198,0.1487292301812326,18.07064479731137,0,0.009060110198228648
56,Noisy DRL,0,56,69.3338933702777,0.14526977246758022,17.783281111551695,0,0.008870304232916789
57,Noisy DRL,0,57,70.51370535100867,0.14144546775876152,17.40997444345151,0,0.008740681628208917
58,Noisy DRL,0,58,71.57670611653766,0.13800035140961542,17.236507490974606,0,0.008506761155206684
59,Noisy DRL,0,59,72.59265604866513,0.1347073194733495,17.205987877606066,0,0.008338178352660524
60,Noisy DRL,0,60,73.42980504778411,0.13197535559583776,17.309589271810246,0,0.008289388095763994
61,Noisy DRL,0,61,74.14544853416712,0.12965563633868,17.73126425946486,0,0.008252601716481867
62,Noisy DRL,0,62,74.82860539785896,0.12744143017913237,17.809899922350883,0,0.00819250759510956
63,Noisy DRL,0,63,75.54968804033706,0.12510408688979,18.200298980230997,0,0.008142969004105485
64,Noisy DRL,0,64,76.23030738712798,0.12289790419723526,18.660568010628104,0,0.00807513587057779
65,Noisy DRL,0,65,76.84831766206293,0.12089466191542933,18.813052229773728,0,0.007983677456158519
66,Noisy DRL,0,66,77.19048560804937,0.11978554068515887,18.71691397750763,0,0.007955555331681434
67,Noisy DRL,0,67,77.50569294528785,0.11876381083818938,18.918381364030576,0,0.00792093777705932
68,Noisy DRL,0,68,77.76914111166437,0.11790985561950182,19.031427909994427,0,0.007897026779738662
69,Noisy DRL,0,69,78.26854962940709,0.11629104567462453,19.43480294324811,0,0.0077992723646107065
70,Noisy DRL,0,70,78.77986197376596,0.11463365001847418,19.64610941318732,0,0.007641649601603181
71,Noisy DRL,0,71,78.96482026565995,0.11322375254272772,19.471091707255407,1,0.007619236099503142
72,Noisy DRL,0,72,79.47342497405634,0.11157513356503161,19.0257244336764,1,0.007598414980703177
73,Noisy DRL,0,73,80.10898860951194,0.10951498301265125,18.79490776141808,1,0.007543371967634579
74,Noisy DRL,0,74,80.76126795862207,0.10740064923643987,17.980029920353658,1,0.00749051880221749
75,Noisy DRL,0,75,81.49833173165999,0.10501149061493768,17.25287012396223,1,0.007386868065289755
76,Noisy DRL,0,76,82.3727952844886,0.1021769568712266,16.786528472286054,1,0.0073468614977783096
77,Noisy DRL,0,77,83.20154462049341,0.09949060368744787,16.183452452589574,1,0.0073314938632539454
78,Noisy DRL,0,78,83.89288778178938,0.09724964683831529,15.595466398967272,1,0.007295351453094338
79,Noisy DRL,0,79,84.35981976215453,0.09573610830474506,15.265914002111963,1,0.00727457742443183
80,Noisy DRL,0,80,84.78353438539517,0.09436265668174007,14.698226422697925,1,0.00714864708975552
81,Noisy DRL,0,81,85.39240655416701,0.09238902543577744,14.0867866417334,1,0.006961824819987763
82,Noisy DRL,0,82,85.9438253373928,0.09060163222988547,13.279997942411939,1,0.006928137345429776
83,Noisy DRL,0,83,86.63630384943525,0.08835075507252137,12.798760606504986,1,0.006643999025772596
84,Noisy DRL,0,84,87.33154478530757,0.08600600450919771,13.06401351682484,1,0.006383733749256998
85,Noisy DRL,0,85,88.08813949247877,0.08349459246022199,13.246811373952019,1,0.006354193764880133
86,Noisy DRL,0,86,88.79271035113855,0.0812109041155848,13.722989208694814,1,0.00626060120711626
87,Noisy DRL,0,87,89.38545195862488,0.07928955921483934,14.324230822470337,1,0.00619547497408867
88,Noisy DRL,0,88,90.00404573429293,0.07728441773987754,15.160208459178524,1,0.006131999244306092
89,Noisy DRL,0,89,90.61773556727144,0.07529517121108176,16.000749715962108,1,0.006088725117979579
90,Noisy DRL,0,90,91.25844996119451,0.07321832551183444,17.2760437164867,1,0.005923311573465888
91,Noisy DRL,0,91,91.79010114531388,0.07149500274883296,18.023021559651443,1,0.005920851087921216
92,Noisy DRL,0,92,92.24882247420975,0.07000807897578762,18.672870270421196,1,0.005867069961092673
93,Noisy DRL,0,93,92.73331398483852,0.06843762226657575,19.67403438119191,1,0.0058209408126505624
94,Noisy DRL,0,94,93.22673614642417,0.0668382168223894,21.064219858014575,1,0.005418952236195868
95,Noisy DRL,0,95,93.76565557110564,0.06509133409078545,21.777796565088366,1,0.005327148973713266
96,Noisy DRL,0,96,94.34471949099715,0.06321432504800793,22.3576685682322,1,0.004682317215537997
97,Noisy DRL,0,97,95.06458114592056,0.06088093396516278,23.323880683159633,1,0.0037271004906614014
98,Noisy DRL,0,98,95.69174859892645,0.058848003371098356,24.508395551379444,1,0.0035607835716365893
99,Noisy DRL,0,99,96.34504588339614,0.05673037793201544,25.109660447141614,1,0.0028902524566658616
100,Noisy DRL,0,100,96.77933608609256,0.05532268564107054,24.987703387959364,1,0.0025614304775023224
101,Noisy DRL,1,0,1.4860061832480618,0.3654811020049939,26.572338265520635,0,0.6969886952099644
102,Noisy DRL,1,1,2.8389790667190073,0.36109552196278555,25.497618530311602,0,0.5877058036833227
103,Noisy DRL,1,2,4.217311718530501,0.35662772106965374,24.272956317735066,0,0.5052081667036203
104,Noisy DRL,1,3,5.585934758985056,0.35219139232486796,23.049152043698907,0,0.4374552017880223
105,Noisy DRL,1,4,6.928698905534352,0.3478388854192633,21.82637123104188,0,0.3805402388443404
106,Noisy DRL,1,5,8.304528945398202,0.34337919634511976,20.604825473428175,0,0.3357798018663318
107,Noisy DRL,1,6,9.708742036250626,0.33882750478010654,19.384789882780883,0,0.30550818397286594
108,Noisy DRL,1,7,11.048302019782035,0.33448538270458555,18.16662922398733,0,0.29069418138809244
109,Noisy DRL,1,8,12.426684056442598,0.33001742076201895,17.426653202815935,0,0.27262656414924513
110,Noisy DRL,1,9,13.779977116642087,0.3256307832389521,16.546766321922586,0,0.287963964654944
111,Noisy DRL,1,10,15.137631958121224,0.32123000714839345,15.710667467409039,0,0.304325742250905
112,Noisy DRL,1,11,16.4677266960096,0.31691856588664985,14.590109462984804,0,0.3206592362602988
113,Noisy DRL,1,12,17.824812565412547,0.31251963410108735,13.582602084210613,0,0.3229266432339742
114,Noisy DRL,1,13,19.192210623179363,0.30808727564174054,12.828848260137702,0,0.2309127306993411
115,Noisy DRL,1,14,20.53496686180296,0.3037347928739671,12.060906564324686,0,0.20808514392933405
116,Noisy DRL,1,15,21.90447884013935,0.2992955824691251,11.25506946586707,0,0.17604611118406052
117,Noisy DRL,1,16,23.283653485376597,0.29482505668710596,10.563663503630368,0,0.1440278787612973
118,Noisy DRL,1,17,24.62649837906603,0.2904459657651003,10.15724223333201,0,0.11423051747541356
119,Noisy DRL,1,18,25.94152062138477,0.286183403143241,10.169750060928745,0,0.08998792900081086
120,Noisy DRL,1,19,27.305596081605902,0.28176181650535537,10.311968528560497,0,0.07146156661571533
121,Noisy DRL,1,20,28.612371643231732,0.2775259645794536,10.676218117956298,0,0.05215137412915022
122,Noisy DRL,1,21,29.87680848764717,0.2734273503989429,10.733685680800267,0,0.049125669608953045
123,Noisy DRL,1,22,31.228161974299145,0.2690470013657846,10.663414704714718,0,0.04684687674885573
124,Noisy DRL,1,23,32.51998900985525,0.26485479510749627,10.79108006563034,0,0.03704590072202653
125,Noisy DRL,1,24,33.66895489482716,0.26105479290640343,11.299920412636023,0,0.034166821314173805
126,Noisy DRL,1,25,34.92815170963475,0.25697317245533674,11.829190651847384,0,0.03338912483103616
127,Noisy DRL,1,26,36.15823422698351,0.25297231410308135,11.927252359871712,0,0.03284146145235177
128,Noisy DRL,1,27,37.41570756470325,0.2488962764469878,12.336436990189561,0,0.03252375846638391
129,Noisy DRL,1,28,38.73821936338807,0.2446094158090459,12.857380094401814,0,0.030504821861424967
130,Noisy DRL,1,29,40.06501601410735,0.2403086651680427,13.474491517241422,0,0.02819438253268803
131,Noisy DRL,1,30,41.396615257540724,0.23599234757621695,14.102209703681286,0,0.026137574189748432
132,Noisy DRL,1,31,42.69455291500468,0.23178514218001262,14.61993856965038,0,0.024668254656485155
133,Noisy DRL,1,32,43.993393668660374,0.22757500927568083,15.24372419829303,0,0.023361554083503135
134,Noisy DRL,1,33,45.32205499117195,0.22326821459541157,16.091178211097358,0,0.022667134945147892
135,Noisy DRL,1,34,46.662356157528,0.21892368996496633,16.767557478187804,0,0.022258735297481947
136,Noisy DRL,1,35,47.950770455718086,0.21474736384589577,17.699613009494858,0,0.02141076121937291
137,Noisy DRL,1,36,49.22529122726442,0.2106160636038588,18.535917855684517,0,0.02103094387507072
138,Noisy DRL,1,37,50.453084438073155,0.20663622894357586,19.140589579116227,0,0.020528914817627975
139,Noisy DRL,1,38,51.50759863863209,0.2032180718831805,19.753784016912803,0,0.02012549543015611
140,Noisy DRL,1,39,52.717577086559444,0.1992959836369331,20.37164937315216,0,0.019573381105817838
141,Noisy DRL,1,40,53.91385344080293,0.19541832642989457,21.02196167777447,0,0.018586292941787118
142,Noisy DRL,1,41,55.09080205422174,0.19160331935976707,21.683922757536344,0,0.017651715284246382
143,Noisy DRL,1,42,56.278706335380605,0.1877527939741249,22.05475464438498,0,0.016594010431834148
144,Noisy DRL,1,43,57.231166273143714,0.1846654531694865,22.10224490243307,0,0.01614008070852013
145,Noisy DRL,1,44,58.17539347111254,0.18160478729533525,22.56654080507407,0,0.014655964971054855
146,Noisy DRL,1,45,59.10648608419827,0.178586693916127,22.71436394618395,0,0.013504506410476534
147,Noisy DRL,1,46,60.22232714549101,0.17496974653898364,22.94216751779717,0,0.012119888626045593
148,Noisy DRL,1,47,61.36618065562114,0.17126199754773733,22.971504514468677,0,0.010844777867295973
149,Noisy DRL,1,48,62.36031862380671,0.16803954464878973,23.05263465610799,0,0.009731556167783203
150,Noisy DRL,1,49,63.39783834115941,0.1646764717896299,23.18400411140112,0,0.008728557442532552
151,Noisy DRL,1,50,64.59653002179986,0.16079096737632387,23.08278158873736,0,0.007788576035991916
152,Noisy DRL,1,51,65.79297585776713,0.15691274273860562,23.216825267829016,0,0.006706809549404459
153,Noisy DRL,1,52,66.99610790998314,0.15301284525453035,23.2071170141751,0,0.006142574372219765
154,Noisy DRL,1,53,68.15932960367319,0.14924232736628665,22.62862984158516,0,0.005744440732072117
155,Noisy DRL,1,54,69.2674244436551,0.14565049625577348,22.772606154447494,0,0.005592164068264096
156,Noisy DRL,1,55,70.34988461700769,0.1421417681514497,22.169455615735647,0,0.0054974377436936735
157,Noisy DRL,1,56,71.2867329828015,0.1391052414520502,21.673852992709442,0,0.005450481519932238
158,Noisy DRL,1,57,72.1291797839623,0.13637462114051493,20.992989380296137,0,0.005402162867821954
159,Noisy DRL,1,58,72.77174142250207,0.1342101251727925,20.071635375568363,0,0.005373759580551119
160,Noisy DRL,1,59,73.29152067283808,0.13231339399637695,19.480539075156262,0,0.005348548782156781
161,Noisy DRL,1,60,73.73556149766773,0.13072557801937953,19.550302601274538,0,0.005325253168881765
162,Noisy DRL,1,61,74.37100514099174,0.12866635535311685,20.08011889763951,0,0.005279672475692131
163,Noisy DRL,1,62,75.07609447020702,0.12638085198613155,20.949167847340686,0,0.005243788338476842
164,Noisy DRL,1,63,75.89049633910959,0.12374100697071506,20.661392142433357,0,0.005141953339310737
165,Noisy DRL,1,64,76.74235994653743,0.12097973298611271,20.380397272869743,0,0.005114260258896888
166,Noisy DRL,1,65,77.48388963985337,0.11857610160389152,19.973916952793015,0,0.00493915042729854
167,Noisy DRL,1,66,78.14256258226739,0.11644104328643613,19.599600121074538,0,0.004900029056652209
168,Noisy DRL,1,67,78.88448385327946,0.11403613930668323,19.552298113516315,0,0.004797039725384137
169,Noisy DRL,1,68,79.54301496161347,0.11190154315385117,18.957250473288628,0,0.004768069497725483
170,Noisy DRL,1,69,80.06782854642547,0.11020047468677105,18.645099668188475,0,0.0047382468005197145
171,Noisy DRL,1,70,80.64855910602368,0.1083180632203026,18.629793553050696,0,0.0045014263821975915
172,Noisy DRL,1,71,81.26361013190223,0.10632440338968205,18.356979455098998,0,0.0038428444465399437
173,Noisy DRL,1,72,81.98900504343806,0.10397306886707298,18.35216312535679,0,0.0033552667035967373
174,Noisy DRL,1,73,82.70154412781741,0.10166340605149402,17.886410634832373,0,0.003283277287458592
175,Noisy DRL,1,74,83.43325084638369,0.09929161222109915,17.44682216406455,0,0.003240085596368534
176,Noisy DRL,1,75,83.77003977803028,0.09738956265579145,16.564377357240566,1,0.003212356603690242
177,Noisy DRL,1,76,83.9654491398557,0.09594578867278536,15.695734231981328,2,0.0031868861317822603
178,Noisy DRL,1,77,84.4997620073774,0.09421383821349939,14.765770111014849,2,0.0029345249031714274
179,Noisy DRL,1,78,85.1141123051157,0.092222483702702,14.229926952399868,2,0.0029356328206936537
180,Noisy DRL,1,79,85.91108285368728,0.08963922329886251,13.436206400058087,2,0.002935403518942669
181,Noisy DRL,1,80,86.82034898313564,0.08669190759431408,12.522698564198292,2,0.002935579398096412
182,Noisy DRL,1,81,87.63738390056938,0.08399478885477667,12.3034045000413,2,0.0029324890833475918
183,Noisy DRL,1,82,88.42838818047495,0.08143086798018465,12.755751393995887,2,0.0029295117050432006
184,Noisy DRL,1,83,89.03830677523807,0.07945389092778775,12.785606871314798,2,0.0029322362692185654
185,Noisy DRL,1,84,89.62531364969121,0.07755113572489533,13.245207091572375,2,0.002940355184565907
186,Noisy DRL,1,85,90.31996270785577,0.07529946329873603,13.790948678058967,2,0.0028622889323038745
187,Noisy DRL,1,86,90.9102225743802,0.07338616466484518,14.386508932654863,2,0.0025989727762806797
188,Noisy DRL,1,87,91.42965642759741,0.07170244507319076,14.235178447346318,2,0.002598278652373152
189,Noisy DRL,1,88,91.7956729777166,0.07051602115413548,14.41471749889822,2,0.002596854663845414
190,Noisy DRL,1,89,92.16257077343056,0.0693267387072826,15.123661257246143,2,0.002597058958373775
191,Noisy DRL,1,90,92.60209628182696,0.0679020370810535,15.590357299927785,2,0.0025954613702454154
192,Noisy DRL,1,91,93.10065998513285,0.06628596556453632,16.442167489091577,2,0.0024883154806118715
193,Noisy DRL,1,92,93.51567375450777,0.06494071734943356,16.346306656004444,2,0.002469856022735242
194,Noisy DRL,1,93,93.977501120902,0.06344372499358314,16.35005844245625,2,0.0024714908925593184
195,Noisy DRL,1,94,94.39774346715564,0.062081528584887004,16.47461066528877,2,0.0024701622805954207
196,Noisy DRL,1,95,94.79737856029712,0.06078612964776928,16.27036040871741,2,0.0024560883133884796
197,Noisy DRL,1,96,95.22053632025845,0.059414483060507825,15.6661487063567,2,0.0024564773029857874
198,Noisy DRL,1,97,95.66855910835241,0.05796223763801887,16.001352348748657,2,0.002455405516805834
199,Noisy DRL,1,98,96.144508366477,0.056419469816359105,16.079483770074198,2,0.0024524532836031816
200,Noisy DRL,1,99,96.55963048441618,0.055073870487343156,15.399418037938254,2,0.002447542002436516
201,Noisy DRL,1,100,97.0670505497832,0.05342909225128181,15.654093817179948,2,0.0024295547525424776
202,Noisy DRL,2,0,1.487092025943412,0.365475053075979,18.673368235346807,0,0.9981604160333016
203,Noisy DRL,2,1,2.875950470691544,0.36097315549293985,17.68614196955997,0,0.7109722304943861
204,Noisy DRL,2,2,4.220931666623029,0.3566134629374032,16.83016783756796,0,0.6879522178460862
205,Noisy DRL,2,3,5.610639647568138,0.3521087991636155,16.067769405663043,0,0.6508286758617523
206,Noisy DRL,2,4,6.976486826541997,0.3476815061362396,15.343994427762784,0,0.611439650375636
207,Noisy DRL,2,5,8.313907084427935,0.34334641603306565,14.535096081503355,0,0.5791259002326987
208,Noisy DRL,2,6,9.695375844579937,0.33886905456238064,13.746712947556409,0,0.5421522261914061
209,Noisy DRL,2,7,11.074549694301865,0.33439853697918165,13.021897797911734,0,0.46111146717810475
210,Noisy DRL,2,8,12.407627763792354,0.33007744498234504,12.324839826385466,0,0.4532885308134847
211,Noisy DRL,2,9,13.656025083398053,0.3260308304050259,12.935982667207265,0,0.35890476862761883
212,Noisy DRL,2,10,15.02506286246172,0.32159317381690333,12.934638015375779,0,0.3243201494882821
213,Noisy DRL,2,11,16.305742639291697,0.31744192988154774,13.472051119195289,0,0.2842274079764388
214,Noisy DRL,2,12,17.604409927996862,0.3132324312302452,13.534624480906498,0,0.20650604581542736
215,Noisy DRL,2,13,18.904473521583117,0.30901840163953914,13.64452880490375,0,0.1918776268232165
216,Noisy DRL,2,14,20.24111371719754,0.3046858106535593,13.805572883275035,0,0.13481020355863313
217,Noisy DRL,2,15,21.57287739912023,0.30036967286984495,14.006792821522899,0,0.13763333957084936
218,Noisy DRL,2,16,22.946884533425383,0.2959158965103959,14.127645162030374,0,0.10580764308810955
219,Noisy DRL,2,17,24.257626566299137,0.29166718699987426,14.424651367270476,0,0.10253389862605175
220,Noisy DRL,2,18,25.530348504387103,0.2875417169287665,14.91123401616539,0,0.098057313174527
221,Noisy DRL,2,19,26.824897450699368,0.2833454957905306,15.077124145065,0,0.08551234584708532
222,Noisy DRL,2,20,28.13276213604403,0.2791061124327422,15.336532908511753,0,0.07722468838311145
223,Noisy DRL,2,21,29.49956699836934,0.27467567707289514,15.609872538343883,0,0.07223690390127586
224,Noisy DRL,2,22,30.847103264408165,0.27030770021938744,15.465933795451916,0,0.07050295423065389
225,Noisy DRL,2,23,32.205362297758235,0.2659049659187762,15.58222296005875,0,0.06489960693001393
226,Noisy DRL,2,24,33.55126753470505,0.2615422776585767,15.226554500914256,0,0.06241286622200099
227,Noisy DRL,2,25,34.89003822599875,0.25720272000378186,15.622011380512657,0,0.06141155282999992
228,Noisy DRL,2,26,36.24796315689789,0.25280107426647525,15.764822136886174,0,0.05803752361376832
229,Noisy DRL,2,27,37.56444466755253,0.2485337614354704,16.21201078307231,0,0.0570761872033728
230,Noisy DRL,2,28,38.856552681105306,0.24434550209926748,16.43458621076439,0,0.056722068155588376
231,Noisy DRL,2,29,40.14392521640905,0.24016406519562228,16.8195882718992,0,0.056547131780055576
232,Noisy DRL,2,30,41.25391923253559,0.23656738608561012,17.836605423873426,0,0.05638758959210668
233,Noisy DRL,2,31,42.20298403930575,0.2334911259055511,18.45468473304777,0,0.05591315364595159
234,Noisy DRL,2,32,43.18993498909971,0.23021903562295,18.807469076458855,0,0.05568939791677381
235,Noisy DRL,2,33,44.2294098128067,0.22670840374448958,18.90017257083179,0,0.05503198328366522
236,Noisy DRL,2,34,45.2405673888004,0.22338776556287762,18.80141613071323,0,0.05397809202946805
237,Noisy DRL,2,35,46.37174027327628,0.21960593250112712,18.14304869600313,0,0.051486946837410764
238,Noisy DRL,2,36,47.581133790416715,0.2155439945950919,17.629208053569812,0,0.047537362989041584
239,Noisy DRL,2,37,48.75385755974551,0.21160091642451473,17.35580819949455,0,0.04267034985114273
240,Noisy DRL,2,38,49.836969747471166,0.20809034969188173,17.577601829754716,0,0.03683358546573222
241,Noisy DRL,2,39,50.73065090578095,0.2051938382591248,17.6231479456929,0,0.03638185439192634
242,Noisy DRL,2,40,51.56810198911889,0.20247928357214512,17.39567450187627,0,0.03562155663604477
243,Noisy DRL,2,41,52.45680240802547,0.1995986187810981,17.47855962056895,0,0.03275236570281678
244,Noisy DRL,2,42,53.232024959363706,0.1970857709292551,17.221434599674772,0,0.029092682919930796
245,Noisy DRL,2,43,54.026968409694234,0.19450900504583143,16.842034322856126,0,0.024253548921261175
246,Noisy DRL,2,44,54.87677353966046,0.19175440135491667,16.409232884654497,0,0.024101494436822468
247,Noisy DRL,2,45,55.741483266392045,0.18895150877668562,16.035955510973572,0,0.023438846961831326
248,Noisy DRL,2,46,56.70203384283291,0.18583792855093093,15.818870905611588,0,0.020720277384289002
249,Noisy DRL,2,47,57.67417390411277,0.18268678244460645,15.589871914094251,0,0.02040628396157585
250,Noisy DRL,2,48,58.670389073563854,0.17945760833655733,15.248164453728284,0,0.0202530327187552
251,Noisy DRL,2,49,59.7741247820721,0.17588005997612138,14.72237267761603,0,0.019710721599611618
252,Noisy DRL,2,50,60.88661687951983,0.17225527451820516,14.171392333022991,0,0.019637722238218865
253,Noisy DRL,2,51,61.95309040308386,0.16879844907565708,14.367862822536635,0,0.01954862685093632
254,Noisy DRL,2,52,62.88904820087097,0.16576460326750983,14.184881067199164,0,0.019401942469213722
255,Noisy DRL,2,53,63.72323259130425,0.16302506725579183,13.969261609628681,0,0.0193480877701539
256,Noisy DRL,2,54,64.43930285632794,0.16066829388294018,14.185731247759415,0,0.018970610585240147
257,Noisy DRL,2,55,65.11499616880943,0.1584427993276386,14.366710826535572,0,0.01848042828018798
258,Noisy DRL,2,56,65.89594234178517,0.15587774005316735,14.615465347707227,0,0.017656132943022682
259,Noisy DRL,2,57,66.65422368825114,0.15338438978285232,14.881292233731772,0,0.01716988609212432
260,Noisy DRL,2,58,67.35902907243607,0.1510644991523123,14.953205549435735,0,0.016955252401542498
261,Noisy DRL,2,59,68.00221429440951,0.14897974731546482,15.395577159718718,0,0.01684378990885038
262,Noisy DRL,2,60,68.69495874363452,0.14673429975190783,15.857771499162096,0,0.016775391001142434
263,Noisy DRL,2,61,69.41749856726439,0.14439222657197115,16.223390219474197,0,0.016523565829380478
264,Noisy DRL,2,62,70.2562810614123,0.14167335150712423,16.84037929841072,0,0.01660842320330088
265,Noisy DRL,2,63,71.15136601324532,0.13877197724687834,17.298683051202126,0,0.01684667518241491
266,Noisy DRL,2,64,71.9797840019133,0.13608676699461358,17.448161949378193,0,0.016909761895757727
267,Noisy DRL,2,65,72.95476888947957,0.1329264193069365,18.100493521699715,0,0.016805554241572956
268,Noisy DRL,2,66,74.12490150586369,0.12913192925467692,18.611722294557705,0,0.015921435715790414
269,Noisy DRL,2,67,75.30962475141092,0.12524962283686636,19.339588614814136,0,0.014937805000133001
270,Noisy DRL,2,68,76.39771808788458,0.12168066716551798,19.54072103217044,0,0.014931146648258118
271,Noisy DRL,2,69,77.13475944451093,0.11929268416196799,19.927759466564876,0,0.014810919051870354
272,Noisy DRL,2,70,77.68582304663877,0.1175063039116469,19.65735633367716,0,0.014260288911804633
273,Noisy DRL,2,71,78.23987084464319,0.11570954942402445,19.496843464583815,0,0.014242768349084813
274,Noisy DRL,2,72,78.9184010600649,0.11350849632329765,19.305652420018845,0,0.014167312340577736
275,Noisy DRL,2,73,79.62553907843747,0.11121524877690131,19.146581935971028,0,0.013893565278166445
276,Noisy DRL,2,74,80.21751653777525,0.1092963938021586,19.014601302429323,0,0.01374416068099134
277,Noisy DRL,2,75,80.89721904802663,0.10709345263826643,19.050902616023645,0,0.013246641031594824
278,Noisy DRL,2,76,81.35445578259677,0.10479489141136554,18.689142507407965,1,0.012962500178751639
279,Noisy DRL,2,77,82.0176364694741,0.10263938218757537,18.626749866016787,1,0.01265594105093289
280,Noisy DRL,2,78,82.66873454091099,0.10029940113164824,18.877063059121095,1,0.012100055658537102
281,Noisy DRL,2,79,83.39063125423452,0.09760342791949132,19.15654937384535,1,0.011579147954303348
282,Noisy DRL,2,80,84.0796739742372,0.09522842961147394,20.120506057189502,1,0.011102154935420366
283,Noisy DRL,2,81,84.94612692290346,0.09241989598600803,21.020985976483765,1,0.01094609715199706
284,Noisy DRL,2,82,85.88069822086236,0.08939054048543803,21.389108198802724,1,0.010906417911526464
285,Noisy DRL,2,83,86.85551738243885,0.0862307092169712,22.548278329354332,1,0.01065626202598269
286,Noisy DRL,2,84,87.82925099154765,0.08307439745874189,23.424875708157842,1,0.010383035946712239
287,Noisy DRL,2,85,88.70439767662567,0.08023765576541259,24.07114302144243,1,0.01028973665973468
288,Noisy DRL,2,86,89.48412866501094,0.07771019382319493,24.137213887310747,1,0.010185996140990767
289,Noisy DRL,2,87,90.14701307221085,0.07556148465154972,24.381472319608797,1,0.009836310314152906
290,Noisy DRL,2,88,90.74509269185324,0.07362283698302047,24.70671106193903,1,0.0093312558751559
291,Noisy DRL,2,89,91.34668510176472,0.07167280261165002,25.245237506635682,1,0.008685549851439536
292,Noisy DRL,2,90,91.8848587343487,0.0699283373193908,24.93469023336365,1,0.008032124339288398
293,Noisy DRL,2,91,92.40347320210581,0.06824727216302894,25.173478550022306,1,0.007333704820932527
294,Noisy DRL,2,92,92.95126849908009,0.06647161867894616,25.365188838091782,1,0.006578997260574045
295,Noisy DRL,2,93,93.6321362046293,0.06426461704852733,25.311423682892663,1,0.005667889509921489
296,Noisy DRL,2,94,94.39136917660338,0.061803597979246,25.120686874936116,1,0.005157038452328059
297,Noisy DRL,2,95,95.14271929237496,0.05936813082901577,24.94301917630399,1,0.004438530246175295
298,Noisy DRL,2,96,95.97491314046607,0.05667061240609118,24.393936743438147,1,0.0036509670784479298
299,Noisy DRL,2,97,96.62036180377177,0.05457841998670965,23.883495147856376,1,0.0035117416525469215
300,Noisy DRL,2,98,97.0284756407715,0.053255537588000085,23.6884788059848,1,0.0034345863953442876
301,Noisy DRL,2,99,97.42529765252864,0.05196925712601646,23.117609886128292,1,0.003379184583761807
302,Noisy DRL,2,100,97.69559394565003,0.05109310401324211,22.71276604748887,1,0.0033764279423552316
303,Noisy DRL,3,0,1.4396377625126895,0.3664291334055903,18.537962379862893,0,0.13298062292658056
304,Noisy DRL,3,1,2.764505818772644,0.36213463399617424,18.111981913171867,0,0.11408939507365949
305,Noisy DRL,3,2,4.082223507860315,0.35786331217484996,17.429993436090413,0,0.09180507339767464
306,Noisy DRL,3,3,5.434222529529104,0.3534808689771948,16.8223162286088,0,0.08777022910279196
307,Noisy DRL,3,4,6.81167813981651,0.34901590940762006,16.37604832795478,0,0.08030628091517346
308,Noisy DRL,3,5,8.182764123547962,0.3445715966932995,16.151469029526073,0,0.07905496361774618
309,Noisy DRL,3,6,9.54115331633661,0.34016844005370045,16.099367087687924,0,0.07622639502827014
310,Noisy DRL,3,7,10.903298296912162,0.3357531095156397,16.003855370038153,0,0.07455976355264847
311,Noisy DRL,3,8,12.224752886117109,0.3314696763422029,15.801870957275455,0,0.07037642502649118
312,Noisy DRL,3,9,13.609176366796314,0.326982164872704,15.88412991414008,0,0.06755291040674517
313,Noisy DRL,3,10,14.933710179990069,0.3226194749148889,15.553908286464718,0,0.06686834895938645
314,Noisy DRL,3,11,16.192785181860756,0.3184291839120397,14.906330620107731,0,0.06665798611475293
315,Noisy DRL,3,12,17.521320221271743,0.3141228523057712,15.149933047942666,0,0.06732892817958502
316,Noisy DRL,3,13,18.862882016771774,0.30977439977224036,15.233603582254583,0,0.06731516603417599
317,Noisy DRL,3,14,20.216644237623733,0.3053862467676813,15.632526830626546,0,0.06780914131951413
318,Noisy DRL,3,15,21.57436597957375,0.3009852543157745,16.050399191593677,0,0.06909984795883822
319,Noisy DRL,3,16,22.951689372027737,0.29652072347957736,16.485008622459905,0,0.07061990030167935
320,Noisy DRL,3,17,24.29857795035813,0.29215484556000165,17.046986030043858,0,0.07162621888228986
321,Noisy DRL,3,18,25.644681960842714,0.287791510773062,17.514689401182594,0,0.07177484140074213
322,Noisy DRL,3,19,26.992995062528834,0.2834210153168568,17.94138539365794,0,0.06896957063237484
323,Noisy DRL,3,20,28.32697367974798,0.2790969844382133,18.413879854227247,0,0.06552159907697448
324,Noisy DRL,3,21,29.69168223328421,0.2746733438716932,18.89729233942515,0,0.06548627606099648
325,Noisy DRL,3,22,31.001071864463732,0.27042901707051825,18.924692994462518,0,0.06790890776705687
326,Noisy DRL,3,23,32.31135631186149,0.2661817897639705,19.132836666809332,0,0.06384820497520825
327,Noisy DRL,3,24,33.63604450746932,0.26188787336544656,18.982737674027348,0,0.060282244973744764
328,Noisy DRL,3,25,34.88304350969737,0.2578457829482075,19.766180241025612,0,0.06038771479216225
329,Noisy DRL,3,26,35.90387422110708,0.2545368067580657,20.26928705363156,0,0.05993214948022049
330,Noisy DRL,3,27,36.91659743994456,0.2512541106164672,21.346755115871503,0,0.057735510027827
331,Noisy DRL,3,28,37.922170695970365,0.2479945907639904,21.916910446327883,0,0.053973652861085256
332,Noisy DRL,3,29,38.902198049294604,0.24481787694503354,21.709838302272228,0,0.0537014172817765
333,Noisy DRL,3,30,40.035442550571474,0.24114451662576591,22.302643670884397,0,0.0531303527790442
334,Noisy DRL,3,31,41.21166674174314,0.23733184254086362,22.5472219775136,0,0.04609636108789803
335,Noisy DRL,3,32,42.53169186575217,0.23305308817572712,22.877027975120548,0,0.0405736394169217
336,Noisy DRL,3,33,43.80736097524327,0.22891811456581715,23.220163604932637,0,0.03468207357820193
337,Noisy DRL,3,34,45.14519982687842,0.2245816285814191,23.581692803736804,0,0.02875567290911816
338,Noisy DRL,3,35,46.45186474511574,0.22034619296201044,24.248013742086243,0,0.021020814665591445
339,Noisy DRL,3,36,47.76802892520197,0.21607990788182174,24.968164474736884,0,0.017416156583753704
340,Noisy DRL,3,37,49.04488558898233,0.21194103525353022,25.654215798939124,0,0.015602214663860374
341,Noisy DRL,3,38,50.32444181654024,0.20779341207057309,26.137524511211712,0,0.012098657042325833
342,Noisy DRL,3,39,51.49326765265838,0.20400471640332915,26.627547907341334,0,0.011711048663887006
343,Noisy DRL,3,40,52.55402763900429,0.20056631126211277,26.586030510495064,0,0.01120022166865509
344,Noisy DRL,3,41,53.56047903515758,0.19730394494022135,26.479388549216193,0,0.0106697998059985
345,Noisy DRL,3,42,54.676864922402665,0.1936852309767901,26.20171647429459,0,0.010604132254058051
346,Noisy DRL,3,43,55.93181798032894,0.18961735784626463,25.98252831582561,0,0.010472077959526793
347,Noisy DRL,3,44,57.18253031429022,0.18556323082909038,25.83111511089448,0,0.010362777802236853
348,Noisy DRL,3,45,58.496353433902286,0.18130453307737046,25.75471070908476,0,0.010250557822139813
349,Noisy DRL,3,46,59.818910325159926,0.17701752520279573,25.755828127825882,0,0.010120217559629566
350,Noisy DRL,3,47,61.06710323451032,0.17297156478617853,25.480607006954372,0,0.009952705213753313
351,Noisy DRL,3,48,62.24079443105992,0.1691670982751806,25.23186188428196,0,0.009724775151940044
352,Noisy DRL,3,49,63.36489381297096,0.16552338137060763,24.613557137327888,0,0.009428097437082153
353,Noisy DRL,3,50,64.4053795059792,0.16215069442692895,25.312259412971358,0,0.00917580373000541
354,Noisy DRL,3,51,65.21330657228776,0.15953183572291896,25.356405707880356,0,0.009056127328455219
355,Noisy DRL,3,52,66.01429187308533,0.15693547838995972,25.244568500624023,0,0.008988531809961745
356,Noisy DRL,3,53,66.9496356239947,0.15390360425871277,25.520978624203273,0,0.008823410399891053
357,Noisy DRL,3,54,67.91412130554588,0.15077726788776535,25.482162838207188,0,0.008554215713975789
358,Noisy DRL,3,55,68.67424060615029,0.14831337582463358,25.178280604314253,0,0.007992207176316895
359,Noisy DRL,3,56,69.52537451173136,0.14555446406833794,25.18117753813094,0,0.0072249487613269
360,Noisy DRL,3,57,70.23251887645526,0.1432622878450168,24.92750689993518,0,0.006453638565085327
361,Noisy DRL,3,58,70.93977586025336,0.1409697465721002,24.26374293355048,0,0.006398158045373471
362,Noisy DRL,3,59,71.83779595845205,0.13805885535972484,23.820157739185046,0,0.005756572048655416
363,Noisy DRL,3,60,72.65180562978516,0.13542028011644794,22.669789202409458,0,0.005783054555066911
364,Noisy DRL,3,61,73.49456591888043,0.132688511056282,21.666036564000326,0,0.005584583934637032
365,Noisy DRL,3,62,74.35281979556122,0.12990652023822752,20.70993245249601,0,0.005391818952032489
366,Noisy DRL,3,63,75.3703808979881,0.12660814230988707,20.156463659504475,0,0.004626341496571738
367,Noisy DRL,3,64,76.3990757492433,0.12327367484225092,19.311902030651616,0,0.004542271023414045
368,Noisy DRL,3,65,77.31627918382878,0.12030060171994664,18.522747048701383,0,0.004374470326341264
369,Noisy DRL,3,66,78.00917996630567,0.11805459542163738,17.81710574324555,0,0.004325126384190221
370,Noisy DRL,3,67,78.80994802828924,0.11545894228852688,17.53415679627176,0,0.0037519666916058063
371,Noisy DRL,3,68,79.72662750683563,0.11248756783641778,17.215915920138425,0,0.0037152166137205066
372,Noisy DRL,3,69,80.85919688970904,0.10881640185160532,16.74695926627587,0,0.0036249888736865706
373,Noisy DRL,3,70,82.05025447057706,0.10495565339755449,17.059731393179728,0,0.0031533176346148772
374,Noisy DRL,3,71,83.03213748536047,0.10177300547944365,17.30233144997632,0,0.0028289873495848
375,Noisy DRL,3,72,83.88990317513166,0.09899262642569047,17.46356987496626,0,0.002775394989242831
376,Noisy DRL,3,73,84.49274468389352,0.09690134090584422,16.925999161612427,0,0.002723480804081413
377,Noisy DRL,3,74,85.1015271598467,0.09492815003279302,16.608980831784994,0,0.0027246026661117465
378,Noisy DRL,3,75,85.68956982917382,0.09302213537115354,16.217490801381835,0,0.0027205510647106265
379,Noisy DRL,3,76,86.25845173802027,0.09117813410631441,16.070593179792894,0,0.002704162584731969
380,Noisy DRL,3,77,86.83393552645781,0.08931276543571597,16.001069119401414,0,0.0027017415874744156
381,Noisy DRL,3,78,87.27557097452545,0.08788123260148759,16.001069119401414,0,0.0027013906833409634
382,Noisy DRL,3,79,87.50904826901115,0.08712502203568463,15.8977455573289,0,0.0027013735229502534
383,Noisy DRL,3,80,87.77223309564062,0.08627323369515581,15.813252558186365,0,0.002701213453854611
384,Noisy DRL,3,81,88.00961546459551,0.08546796529650232,15.749647294697551,0,0.002700413783701742
385,Noisy DRL,3,82,88.15666710096916,0.08492921599419402,15.70925221261477,0,0.0026998452723766162
386,Noisy DRL,3,83,88.33717448670848,0.08434411110934122,16.053888962886077,0,0.002699685340010617
387,Noisy DRL,3,84,88.6484282318738,0.0833351986509308,16.216768449210715,0,0.0026993895869243047
388,Noisy DRL,3,85,89.2419245751478,0.08141140874250091,16.188435419851,0,0.002698337019755527
389,Noisy DRL,3,86,89.9773235016769,0.07902764674287138,16.349711467898118,0,0.0026705746783514846
390,Noisy DRL,3,87,90.88564614914537,0.07608336028836943,16.24665733583889,0,0.002652111602784658
391,Noisy DRL,3,88,91.64788831728704,0.07361258704740173,16.630997966816174,0,0.0025778196979136577
392,Noisy DRL,3,89,92.24450379592257,0.07167868518624114,15.829777672765978,0,0.0025470880599387006
393,Noisy DRL,3,90,92.77392314379972,0.0699625965034952,15.095529146123694,0,0.0025492594112065583
394,Noisy DRL,3,91,93.40272061662964,0.06792438523983531,14.544456603554694,0,0.002547759354710697
395,Noisy DRL,3,92,94.2528961521089,0.0651465198304206,14.314757673545099,0,0.002536412999953399
396,Noisy DRL,3,93,95.08842095617827,0.0623170428803134,14.640778783902926,0,0.002515098688165771
397,Noisy DRL,3,94,95.64679820007856,0.060402102774847075,14.433942493899659,0,0.002513622181047176
398,Noisy DRL,3,95,96.09227538104693,0.058958150181608604,14.557654143809513,0,0.002508811593975707
399,Noisy DRL,3,96,96.51263452544475,0.05759576153715999,15.379982187961794,0,0.0025004982776544982
400,Noisy DRL,3,97,96.94186219118744,0.0562045375532708,15.156747502155085,0,0.002497923366882697
401,Noisy DRL,3,98,97.35054608458643,0.05487991355697948,15.67361864416157,0,0.0024971646811462822
402,Noisy DRL,3,99,97.63707852529791,0.05395113271563148,15.97717314587866,0,0.002497245239489673
403,Noisy DRL,3,100,97.89196677846802,0.05312492544666137,15.77889767306262,0,0.0024932870619612238
404,Noisy DRL,4,0,1.4870903943134328,0.3654764616356566,18.796043085224774,0,0.18162101006170114
405,Noisy DRL,4,1,2.7816069847272358,0.3612803608539421,18.276684730845375,0,0.15654563266967098
406,Noisy DRL,4,2,4.150203186232623,0.35684412277100386,17.93578916558476,0,0.12117098324450108
407,Noisy DRL,4,3,5.495771001780708,0.3524825313955757,17.62263420533367,0,0.1069307865886061
408,Noisy DRL,4,4,6.852910309732075,0.3480834265485608,17.533524324816344,0,0.09713422266979765
409,Noisy DRL,4,5,8.211382938053392,0.34367999978938585,17.39364815542505,0,0.09071157128186833
410,Noisy DRL,4,6,9.568817353361815,0.33927993801775425,16.986237371044364,0,0.08921885216880833
411,Noisy DRL,4,7,10.9474046552641,0.3348113101261271,16.30958301111685,0,0.08633606005928823
412,Noisy DRL,4,8,12.31099933256711,0.3303912801529689,16.18167912502166,0,0.08548980709573373
413,Noisy DRL,4,9,13.656286807229918,0.32603059216976193,16.008408627440136,0,0.08349605930140512
414,Noisy DRL,4,10,14.95686107138851,0.3218148407482082,16.34506112377405,0,0.07985616057157414
415,Noisy DRL,4,11,16.2426332821911,0.3176470817715907,16.34412784703583,0,0.07575868258908497
416,Noisy DRL,4,12,17.62454338953896,0.31316768315251686,16.427546823536783,0,0.07306068839997244
417,Noisy DRL,4,13,18.993348563964435,0.3087309094769768,16.316568786407004,0,0.07083715828250724
418,Noisy DRL,4,14,20.384121317307464,0.30422299122840923,16.288559748886875,0,0.07093209470083119
419,Noisy DRL,4,15,21.759486722611776,0.2997649543373471,16.610236254068244,0,0.06845017754180482
420,Noisy DRL,4,16,23.14186253726163,0.2952841899322337,17.08480476199878,0,0.06624146947957622
421,Noisy DRL,4,17,24.490046727396376,0.29091425758187117,17.343427334568656,0,0.05979156471311898
422,Noisy DRL,4,18,25.805400655467363,0.2866506202513947,17.723582308089732,0,0.05342853087045933
423,Noisy DRL,4,19,27.145100323744547,0.28230804577240737,18.15092852593432,0,0.04729516701542224
424,Noisy DRL,4,20,28.473104175332725,0.27800338222107085,18.022325120897978,0,0.04749476241979991
425,Noisy DRL,4,21,29.8208701668406,0.27363466024769967,18.1247235255071,0,0.04689040744688547
426,Noisy DRL,4,22,31.117187026627,0.2694327082504465,18.057869109607616,0,0.04294158916030832
427,Noisy DRL,4,23,32.448902514637865,0.2651160132023422,17.778339387582434,0,0.04289309694624717
428,Noisy DRL,4,24,33.80926820999467,0.26070644981265617,17.842138793552536,0,0.04237433839596239
429,Noisy DRL,4,25,35.15447789789258,0.25634601393026213,17.57018490083362,0,0.04196504187135848
430,Noisy DRL,4,26,36.49676892790695,0.2519950387446068,17.062467689761462,0,0.04155236269455812
431,Noisy DRL,4,27,37.82944981804362,0.2476752143900647,16.82111733598717,0,0.041222718874623046
432,Noisy DRL,4,28,39.118588360398284,0.2434965306064021,16.113458804284363,0,0.04101218153591977
433,Noisy DRL,4,29,40.46399280470287,0.2391354644901398,15.802315982119481,0,0.04093821701441849
434,Noisy DRL,4,30,41.60861176982331,0.23542524124832656,16.05978342342501,0,0.04097348995970882
435,Noisy DRL,4,31,42.71876830768748,0.23182672636213122,16.301689022044677,0,0.04106460206233662
436,Noisy DRL,4,32,43.73909687183662,0.22851938897797572,16.454385055248196,0,0.041160749932868744
437,Noisy DRL,4,33,44.75223681006748,0.22523535686769797,16.723483788366746,0,0.041174938814117254
438,Noisy DRL,4,34,45.75105590674758,0.2219679953564143,17.068167506046628,0,0.041001133620526056
439,Noisy DRL,4,35,46.74394761681309,0.21874960137094007,17.318129731230243,0,0.04096293277574282
440,Noisy DRL,4,36,47.78395995430821,0.21537845373908474,17.500007770390603,0,0.04080425034853996
441,Noisy DRL,4,37,48.694698271725606,0.21242633990586288,17.84834454982306,0,0.040592561057544455
442,Noisy DRL,4,38,49.56716753986426,0.2095982708892016,18.19430757422004,0,0.040242813728248436
443,Noisy DRL,4,39,50.267335480226166,0.20732870847039228,18.8327709972745,0,0.0396365393257449
444,Noisy DRL,4,40,50.995699117876725,0.20496775131067016,19.30407524813119,0,0.03812849332431318
445,Noisy DRL,4,41,51.77094979239344,0.20245481180374558,20.129590384307797,0,0.03741987743301663
446,Noisy DRL,4,42,52.66533203562132,0.19955571378207435,20.58148060085971,0,0.039245978645067806
447,Noisy DRL,4,43,53.61692127701409,0.19647118119395215,21.171287130813912,0,0.03872491405895556
448,Noisy DRL,4,44,54.56773703233823,0.19338915548292868,21.868511744535024,0,0.03525410371540151
449,Noisy DRL,4,45,55.31400243665011,0.19097017027716606,22.69798961097562,0,0.03173935963405521
450,Noisy DRL,4,46,56.108697749762214,0.18839420164650159,23.78672515995401,0,0.031023074527509818
451,Noisy DRL,4,47,57.001928555481804,0.18549883470741285,24.799075503960744,0,0.027793880323625775
452,Noisy DRL,4,48,58.04942004421075,0.18210343879629395,25.953054681661236,0,0.02494096685729041
453,Noisy DRL,4,49,59.08967457071735,0.17873150116826653,26.624888190401062,0,0.02045790446433547
454,Noisy DRL,4,50,60.18724952718177,0.17517376197946197,26.98785838165543,0,0.017178009817939693
455,Noisy DRL,4,51,61.30840844929121,0.17153957644108603,26.70903254956225,0,0.01579411634180171
456,Noisy DRL,4,52,62.45445096215814,0.16782473187757968,26.712089837914554,0,0.012882331993902074
457,Noisy DRL,4,53,63.6098394722447,0.16407959269012892,26.720970835250085,0,0.01234799820667555
458,Noisy DRL,4,54,64.6659277100338,0.16065633080876254,26.54813094668111,0,0.011907455354355995
459,Noisy DRL,4,55,65.37620288067338,0.157543642616988,25.5217003993727,1,0.012124416602757074
460,Noisy DRL,4,56,66.1113217181246,0.15435042481188632,24.589139893480212,2,0.012105001884816018
461,Noisy DRL,4,57,67.15508490068001,0.15096711405824262,23.361332758231914,2,0.01217864216550507
462,Noisy DRL,4,58,68.24075817780253,0.14744795368709077,22.482536108636353,2,0.012206761580127016
463,Noisy DRL,4,59,69.33619824118213,0.14389724357414724,21.64890914520194,2,0.012151007860326375
464,Noisy DRL,4,60,70.30084532092724,0.1407703905772619,20.869499034211156,2,0.011948148708063945
465,Noisy DRL,4,61,71.22858702180945,0.13776325538323145,20.46875518592965,2,0.011582135445387108
466,Noisy DRL,4,62,72.2128346947601,0.13456171810944773,19.955673131603383,2,0.01104072571489436
467,Noisy DRL,4,63,73.26367083934655,0.1310552466316838,19.19261374703894,2,0.010530010902615957
468,Noisy DRL,4,64,74.14568456854659,0.12819631977808144,19.003106799644936,2,0.010051868217253707
469,Noisy DRL,4,65,75.06380349651589,0.1250355533733224,17.935300569597132,2,0.010038741129874408
470,Noisy DRL,4,66,75.91002551500405,0.12210553806137638,17.397326278458078,2,0.009993567627785931
471,Noisy DRL,4,67,76.81982778500041,0.11904819728683524,16.882236964811703,2,0.009985314636017279
472,Noisy DRL,4,68,77.58826260412728,0.11654707968431201,16.531770417282445,2,0.009974465099376472
473,Noisy DRL,4,69,78.3532414941967,0.11406744658496763,16.949803103281578,2,0.009898764030759333
474,Noisy DRL,4,70,79.11990293974878,0.11158234876431844,17.304194685508573,2,0.009789196151583052
475,Noisy DRL,4,71,79.83274236501012,0.1092717122618725,17.652566298452406,2,0.009650246674437516
476,Noisy DRL,4,72,80.46158967847882,0.10723333242269645,17.560954785443286,2,0.009534327118395901
477,Noisy DRL,4,73,81.05476473584025,0.1053105825142385,17.85793654791225,2,0.009409392338136459
478,Noisy DRL,4,74,81.6976902369781,0.10322656880988308,18.057902004715658,2,0.00933639503027953
479,Noisy DRL,4,75,82.29761497200502,0.10128194012872034,18.14015005776266,2,0.009321502842392746
480,Noisy DRL,4,76,82.90351762438397,0.09931793430105666,17.920123715133965,2,0.00930074217637606
481,Noisy DRL,4,77,83.48690526823336,0.09742690984710761,18.053660266921998,2,0.009292826844730658
482,Noisy DRL,4,78,84.01300784592928,0.09572157232509534,18.62761799776611,2,0.00926425527090315
483,Noisy DRL,4,79,84.73352589374538,0.09338604592251927,18.959870037819233,2,0.009079879583672975
484,Noisy DRL,4,80,85.60548413054393,0.09055963345205678,19.63428685436359,2,0.008386146361921396
485,Noisy DRL,4,81,86.30141109882125,0.08830382343279448,20.03638641475843,2,0.007484500672089399
486,Noisy DRL,4,82,87.02959319171214,0.08594354816797212,20.340714382563558,2,0.006641686733710142
487,Noisy DRL,4,83,87.77207880159217,0.08353778916319528,20.709445013080707,2,0.006083156126429693
488,Noisy DRL,4,84,88.50967647310209,0.08103094133662546,21.167072922434883,2,0.006087881688532021
489,Noisy DRL,4,85,89.31261665677025,0.0783720546031305,21.437033128857625,2,0.006096886197057402
490,Noisy DRL,4,86,90.01528176783525,0.07609514859795646,22.156007232998938,2,0.0059052772591240265
491,Noisy DRL,4,87,90.66225136611111,0.07399802659685346,22.259889639131643,2,0.005908901573929381
492,Noisy DRL,4,88,91.34380399559252,0.07178880482924917,23.390084966980446,2,0.005887492352533119
493,Noisy DRL,4,89,91.7656955620349,0.07042126255338231,23.423460118223637,2,0.005882421870307115
494,Noisy DRL,4,90,92.11521679753623,0.06928830540575089,24.328287443287316,2,0.005877930813621685
495,Noisy DRL,4,91,92.55311513536647,0.06786887790514208,24.73341403075303,2,0.005867760066229848
496,Noisy DRL,4,92,92.80233975949946,0.06706102764687122,25.051289336544954,2,0.005854866930981079
497,Noisy DRL,4,93,93.02561832788555,0.06633728034603358,25.17895694835675,2,0.005825646767271008
498,Noisy DRL,4,94,93.4490254231701,0.06496482565866446,24.979934969258622,2,0.005774033844026731
499,Noisy DRL,4,95,93.97360333806252,0.06326443026105584,25.142877559671525,2,0.005527097540216228
500,Noisy DRL,4,96,94.4467861695579,0.061730629683299836,25.601160959098866,2,0.005277257961938909
501,Noisy DRL,4,97,94.88721547605985,0.060302998164146276,25.931254966708273,2,0.005140597681501747
502,Noisy DRL,4,98,95.19879641408674,0.05929302275807085,25.722844320290434,2,0.005078141568565073
503,Noisy DRL,4,99,95.59372313448699,0.05801288579749832,25.730734504013505,2,0.004979655629726125
504,Noisy DRL,4,100,95.92880136721638,0.05692674499004068,25.47175666214295,2,0.004945128249039104
505,Noisy DRL,5,0,1.4941586619370497,0.36545430249739125,24.302245489667133,0,0.18227113742249745
506,Noisy DRL,5,1,2.774036512199528,0.3613056380217508,22.996279654150392,0,0.1856112113541609
507,Noisy DRL,5,2,4.135481939776438,0.35689257472929303,21.78948949730569,0,0.17397158620990155
508,Noisy DRL,5,3,5.494200689099734,0.35248835000684053,20.52880497621662,0,0.17192257010485232
509,Noisy DRL,5,4,6.858484424616179,0.34806608656344196,19.291961915573374,0,0.1707248421676096
510,Noisy DRL,5,5,8.209673371712848,0.34368626922734974,18.20438546991806,0,0.16072289785701868
511,Noisy DRL,5,6,9.551497976062823,0.3393368059586964,17.186567123153647,0,0.14983637639468164
512,Noisy DRL,5,7,10.912224445421389,0.334926073167656,15.963184581852712,0,0.14581923958752135
513,Noisy DRL,5,8,12.252611322107349,0.3305812705884666,14.853154337151256,0,0.1312174416479289
514,Noisy DRL,5,9,13.586915402242601,0.32625618917130894,13.896521535263062,0,0.11100784170349964
515,Noisy DRL,5,10,14.932947559402907,0.3218930922136095,13.067253732852379,0,0.09933588800947996
516,Noisy DRL,5,11,16.253111425170996,0.3176138442528699,12.282993359942896,0,0.09204166843597866
517,Noisy DRL,5,12,17.57443290694809,0.31333084448269416,11.994427498749815,0,0.08279677400518125
518,Noisy DRL,5,13,18.94928846867461,0.3088743139632281,11.810750463948159,0,0.07241406365503382
519,Noisy DRL,5,14,20.304765681573606,0.3044805970641392,11.39622785316928,0,0.07013432360775898
520,Noisy DRL,5,15,21.667783528328073,0.3000624374272023,11.158903700679767,0,0.06813024699321711
521,Noisy DRL,5,16,22.973530625381144,0.29582991809277054,11.863103245692987,0,0.06833824207607735
522,Noisy DRL,5,17,24.31574607339725,0.2914791879347044,12.353502947989208,0,0.06664484517741107
523,Noisy DRL,5,18,25.609411577571354,0.2872858301742318,13.08746157702275,0,0.06956359251360422
524,Noisy DRL,5,19,26.91084031710858,0.28306730827955007,14.276072660979413,0,0.06815756274820664
525,Noisy DRL,5,20,28.098959047183186,0.2792160756773338,15.2479999641046,0,0.06260587306727385
526,Noisy DRL,5,21,29.365698672340567,0.27510999692993066,15.564410492076586,0,0.06189305284421007
527,Noisy DRL,5,22,30.582323177324252,0.27116636407778427,16.16002273006215,0,0.062444312774995854
528,Noisy DRL,5,23,31.875031645813184,0.2669761085067262,16.845711965544695,0,0.05992812762792197
529,Noisy DRL,5,24,33.22924541272872,0.26258648631268694,17.72427814326298,0,0.058234124762737774
530,Noisy DRL,5,25,34.5676034120046,0.2582482598666306,18.653015700752402,0,0.05721584542432769
531,Noisy DRL,5,26,35.834329648560534,0.25414222451430973,19.030334561434454,0,0.05619883858778824
532,Noisy DRL,5,27,37.10859714023816,0.2500117445271148,19.71638887747282,0,0.05545663240980057
533,Noisy DRL,5,28,38.360007495779804,0.2459553549047384,20.37551834259716,0,0.053009532242874934
534,Noisy DRL,5,29,39.631361039809086,0.24183432034597915,21.086626648777123,0,0.05021699335228248
535,Noisy DRL,5,30,40.96149744873739,0.23752274381024635,21.44835968017661,0,0.04187338147912005
536,Noisy DRL,5,31,42.23561524457493,0.23339274905525817,21.740484719859168,0,0.038612103217239686
537,Noisy DRL,5,32,43.51891071907484,0.22923300527325358,22.16380184395525,0,0.03208791670834562
538,Noisy DRL,5,33,44.81701895894761,0.22502524658753378,22.83635470182328,0,0.0248083024423962
539,Noisy DRL,5,34,46.044074541015405,0.22104780185316725,23.662826973414525,0,0.02284915749681716
540,Noisy DRL,5,35,47.112195134225516,0.21758553764020053,24.361676027957742,0,0.021186677079679535
541,Noisy DRL,5,36,48.26055371716503,0.21386318564115844,25.156374361647657,0,0.018042566731279682
542,Noisy DRL,5,37,49.442509030342116,0.21003193137256004,25.896974645727383,0,0.016009970251198675
543,Noisy DRL,5,38,50.6236928993501,0.206203177705029,26.641789721101716,0,0.014082405770791437
544,Noisy DRL,5,39,51.82351874454231,0.20231399692148466,27.464711261096873,0,0.013554996495428254
545,Noisy DRL,5,40,53.130295292871985,0.1980781403090311,27.693784790885175,0,0.012509914091917746
546,Noisy DRL,5,41,54.42658903773259,0.1938762632261675,27.700328006975703,0,0.011928458970063865
547,Noisy DRL,5,42,55.70690582202834,0.18972617473267067,27.58760190118953,0,0.01095130470411144
548,Noisy DRL,5,43,56.88074754252977,0.18592122030483418,27.221479443345416,0,0.01087955314266484
549,Noisy DRL,5,44,57.92046456363179,0.18255102497608183,26.29887623777298,0,0.010652939381350816
550,Noisy DRL,5,45,58.999925085774976,0.17905200290038928,25.387302189606125,0,0.010618698676947355
551,Noisy DRL,5,46,60.05273242190135,0.17563937591219397,24.477137409479877,0,0.010576771082659427
552,Noisy DRL,5,47,61.16164221191729,0.17204489537712842,23.733946355179928,0,0.010129183519576302
553,Noisy DRL,5,48,62.30639946197152,0.1683342169344452,22.82881527552781,0,0.010125778302279903
554,Noisy DRL,5,49,63.49482616276836,0.16448198595786512,22.096591214843265,0,0.01006974285154125
555,Noisy DRL,5,50,64.6871136768415,0.1606172403313013,21.195665345269582,0,0.010052170339235597
556,Noisy DRL,5,51,65.893937350735,0.156705376442433,20.746157345776854,0,0.009621742844394291
557,Noisy DRL,5,52,66.98178245349555,0.15317917937494024,21.062995556065705,0,0.009583714440489092
558,Noisy DRL,5,53,68.0451755235784,0.1496896275598801,20.34814928282547,0,0.009583597278464369
559,Noisy DRL,5,54,69.02573887930116,0.14638780399138268,19.679447594766277,0,0.00953181946561375
560,Noisy DRL,5,55,69.97394366977224,0.1431388611119897,19.42442675818843,0,0.009511986798738162
561,Noisy DRL,5,56,70.83974568827118,0.14021583129227438,19.136559728843906,0,0.009528447698790101
562,Noisy DRL,5,57,71.66448680418091,0.13754261969985848,19.455278881952168,0,0.00944611132452965
563,Noisy DRL,5,58,72.50685134262932,0.13481214624173027,19.66778474855619,0,0.009437283556389956
564,Noisy DRL,5,59,73.36940898838536,0.13201620499584227,19.90830594119462,0,0.00942275761340003
565,Noisy DRL,5,60,74.03638830462755,0.12985422194947496,20.497443180187975,0,0.00937833145166047
566,Noisy DRL,5,61,74.72686807867305,0.1276160632372796,20.934186409190506,0,0.009366529722384127
567,Noisy DRL,5,62,75.57209624972076,0.12487629465036393,20.53878937173337,0,0.009352909859918181
568,Noisy DRL,5,63,76.37114768791118,0.12228620584840554,20.8350377706251,0,0.009340303258326303
569,Noisy DRL,5,64,77.09408278549819,0.11994284480138984,20.399820932183854,0,0.009331808295035495
570,Noisy DRL,5,65,77.64139519462867,0.11816875772116611,20.76510953944211,0,0.009313884580717744
571,Noisy DRL,5,66,78.20273728157711,0.11634919319229162,21.220988250869933,0,0.008930235960236456
572,Noisy DRL,5,67,78.91748050474615,0.11403238561894445,21.771941145911782,0,0.008548253738635443
573,Noisy DRL,5,68,79.70313611638096,0.1114857187685125,21.72939727912013,0,0.008533775376462114
574,Noisy DRL,5,69,80.73140182438895,0.10815264234928437,22.147079220420462,0,0.008491909930420634
575,Noisy DRL,5,70,81.79400092661487,0.10470827579764946,22.20702865892122,0,0.008496693237673414
576,Noisy DRL,5,71,82.69351813481538,0.10179253177160248,22.355531938420235,0,0.008417545753226275
577,Noisy DRL,5,72,83.39187534689297,0.09952883870304802,21.845932805441997,0,0.008399697423990734
578,Noisy DRL,5,73,84.00604580504744,0.09753803315972412,21.11412574697082,0,0.008406396344730557
579,Noisy DRL,5,74,84.58221388627783,0.09567041058909301,21.445603504043625,0,0.008195750635495406
580,Noisy DRL,5,75,85.26215328830513,0.09346641801223692,20.601379183736583,0,0.008167017134210914
581,Noisy DRL,5,76,85.75995824310301,0.09185280594409276,20.72931010136238,0,0.0081098311528059
582,Noisy DRL,5,77,86.05435820792492,0.09089852187826115,20.351155588322513,0,0.007986890243258951
583,Noisy DRL,5,78,86.41714945833782,0.08972255058085696,20.35966067070907,0,0.007864993886319253
584,Noisy DRL,5,79,86.974827577614,0.08791486242391763,20.147955655388717,0,0.007397355321323695
585,Noisy DRL,5,80,87.70626736827674,0.08554393426477092,20.358415655427514,0,0.0066195970301668175
586,Noisy DRL,5,81,88.58105140996855,0.08270838642551409,20.472928411910956,0,0.0064516439289382995
587,Noisy DRL,5,82,89.41744898381272,0.0798957797520233,20.92106931416663,0,0.005974883398353768
588,Noisy DRL,5,83,90.00599899222941,0.07788874708412273,20.71271494618352,0,0.005941763368284332
589,Noisy DRL,5,84,90.47184262808271,0.07637977546919635,20.755688280332382,0,0.00592165992687174
590,Noisy DRL,5,85,90.81821740859036,0.07525746478444123,20.42316278943408,0,0.00587985540214137
591,Noisy DRL,5,86,91.1094218749855,0.07425141770010613,20.47635249489179,0,0.005856851046122847
592,Noisy DRL,5,87,91.45081221950043,0.07314489505194348,20.98120456152641,0,0.0057587795227387615
593,Noisy DRL,5,88,91.66036223868369,0.0724656483248635,21.361268882183502,0,0.005717986180859612
594,Noisy DRL,5,89,91.6600273386424,0.07165637028424461,21.672688714760113,1,0.005715793642979004
595,Noisy DRL,5,90,92.04572509782157,0.07040614861879459,21.537035576892865,1,0.004154082037534428
596,Noisy DRL,5,91,92.46646291748154,0.06904234616221495,20.988274982972918,1,0.004043879407913336
597,Noisy DRL,5,92,93.00428972293273,0.06729900521074283,20.686356364938664,1,0.0034439141728574104
598,Noisy DRL,5,93,93.47805218087498,0.06576332580216432,20.4474869041051,1,0.0031893158952235726
599,Noisy DRL,5,94,93.9351069540733,0.06428180360525998,19.734188096518906,1,0.003037706864353257
600,Noisy DRL,5,95,94.43941567707581,0.06264710986937821,18.761693281599012,1,0.0030371469130695164
601,Noisy DRL,5,96,95.0320685202985,0.06072605272915655,17.95092703898864,1,0.003017274495524161
602,Noisy DRL,5,97,95.54657065884568,0.05905831753659873,17.103862333270694,1,0.0030170874358437373
603,Noisy DRL,5,98,95.94610760181128,0.057763236754251,17.293461264794935,1,0.0030149387968899806
604,Noisy DRL,5,99,96.28099530846222,0.05667771353545432,17.61215283806594,1,0.0030139229225294726
605,Noisy DRL,5,100,96.5495268058694,0.05580728118585675,17.597683245206326,1,0.0030133133868630625
606,Noisy DRL,6,0,1.487092025943412,0.365475053075979,18.673368235346807,0,0.9938866894025159
607,Noisy DRL,6,1,2.875950470691544,0.36097315549293985,17.68614196955997,0,0.4371637785547192
608,Noisy DRL,6,2,4.220931666623029,0.3566134629374032,16.83016783756796,0,0.4359244064787077
609,Noisy DRL,6,3,5.610639647568138,0.3521087991636155,16.067769405663043,0,0.4489650689641934
610,Noisy DRL,6,4,6.976486826541997,0.3476815061362396,15.343994427762784,0,0.4604131098079062
611,Noisy DRL,6,5,8.313907084427935,0.34334641603306565,14.535096081503355,0,0.4701063807615515
612,Noisy DRL,6,6,9.695375844579937,0.33886905456238064,13.746712947556409,0,0.4764628283842794
613,Noisy DRL,6,7,11.023284962041377,0.3345646976965104,13.087052382382831,0,0.45519150280512977
614,Noisy DRL,6,8,12.348664952043165,0.33026856001354743,12.991271924507704,0,0.45485738330946324
615,Noisy DRL,6,9,13.681201744795453,0.32594920856322523,13.345210576075122,0,0.4779740124071618
616,Noisy DRL,6,10,14.967133133686644,0.3217809220243228,13.345210576075122,0,0.5102305005795827
617,Noisy DRL,6,11,16.26942046963132,0.31755961892730344,14.028630155178098,0,0.4994437259491431
618,Noisy DRL,6,12,17.61522274171074,0.3131972835032466,14.331489358259713,0,0.5116637162914397
619,Noisy DRL,6,13,18.95917935558362,0.3088409427499361,14.368685848591728,0,0.4753799140184567
620,Noisy DRL,6,14,20.189571059531936,0.3048526844310862,14.383884451713802,0,0.4452575723740369
621,Noisy DRL,6,15,21.496931491330397,0.30061493561840524,14.237974666916006,0,0.4049073643169756
622,Noisy DRL,6,16,22.847036471513203,0.2962386568217511,14.116928943117552,0,0.36238363409952873
623,Noisy DRL,6,17,24.128387648325322,0.2919025779621393,13.94606829335501,0,0.31932133246206934
624,Noisy DRL,6,18,25.405488645338796,0.28752902482854964,14.003829834364572,0,0.27951254482786425
625,Noisy DRL,6,19,26.69314846276983,0.28324899055111985,14.229091119872885,0,0.24421248897930892
626,Noisy DRL,6,20,28.01508352115433,0.2789642671212426,14.630024888392493,0,0.21457704037517938
627,Noisy DRL,6,21,29.349609118820176,0.27463846621527344,15.143230820319934,0,0.19153797669082695
628,Noisy DRL,6,22,30.66341332863,0.27037983102105334,15.830469845778818,0,0.17431971129816146
629,Noisy DRL,6,23,31.831247923182858,0.26659434876309035,16.471403268407922,0,0.12767651370275374
630,Noisy DRL,6,24,32.99724740717736,0.26281481488087405,17.216765250076865,0,0.11088826981546358
631,Noisy DRL,6,25,34.15881599023112,0.2590496434626968,17.91142684005733,0,0.10157858998069001
632,Noisy DRL,6,26,35.385129959883486,0.2550746027108926,18.089445954862466,0,0.09608473956266891
633,Noisy DRL,6,27,36.64766410578459,0.2509821558487409,18.638876888036346,0,0.08946136275832826
634,Noisy DRL,6,28,37.887025561589965,0.24696482218612043,19.12903102325705,0,0.08802258588970896
635,Noisy DRL,6,29,39.107029499478585,0.24301023503492025,19.465090308043788,0,0.08696195400451741
636,Noisy DRL,6,30,40.220610910736696,0.2394006116525508,19.820902527434445,0,0.08625581924192574
637,Noisy DRL,6,31,41.238674879598015,0.23610060370558078,19.482541842846178,0,0.08572295677175791
638,Noisy DRL,6,32,42.362195687369535,0.23245876222249703,19.715203734241122,0,0.08537208666867827
639,Noisy DRL,6,33,43.515483585569896,0.22872043207271095,19.706727504264467,0,0.08556399634289892
640,Noisy DRL,6,34,44.72215536687849,0.22480906049931804,19.41910708967256,0,0.08584489695424427
641,Noisy DRL,6,35,45.80298400675428,0.22130560373252273,18.96414733470995,0,0.08615194207453498
642,Noisy DRL,6,36,46.877492354893434,0.21782263390371415,19.070853799655914,0,0.08556698303816714
643,Noisy DRL,6,37,48.018456778236605,0.21412424973766175,19.060947477922948,0,0.08513676082784936
644,Noisy DRL,6,38,49.09916376524183,0.2106211873116167,18.92889454833794,0,0.08440453615438133
645,Noisy DRL,6,39,50.19506384219857,0.20706887743352412,18.59107526090059,0,0.0829882537870408
646,Noisy DRL,6,40,51.33096880249684,0.2033868936998912,17.72464577872322,0,0.08263501449087049
647,Noisy DRL,6,41,52.5786616003461,0.19934257512897474,16.961077325337325,0,0.08262784037225643
648,Noisy DRL,6,42,53.88703914955309,0.19510159973688182,16.632157914779246,0,0.08245171304989318
649,Noisy DRL,6,43,55.01124296264125,0.19145754534380435,16.381386456624547,0,0.08228256433975815
650,Noisy DRL,6,44,55.99023430879847,0.1882841896771855,16.684070044342697,0,0.08211081519753012
651,Noisy DRL,6,45,56.88582827662875,0.185381162816369,16.9693000250469,0,0.08101132630511293
652,Noisy DRL,6,46,57.82903328547025,0.18232380677748808,17.29921691652366,0,0.0784281651036602
653,Noisy DRL,6,47,58.834288427196284,0.17906531810789036,17.403421113700016,0,0.07772525719294647
654,Noisy DRL,6,48,59.8742412005245,0.17569435859961022,17.710547482096427,0,0.07793399881731883
655,Noisy DRL,6,49,61.0167660475905,0.17199091638983569,17.8461294213238,0,0.07726774078241161
656,Noisy DRL,6,50,62.255853753271516,0.16797447007558816,18.04945916619596,0,0.07308485828746022
657,Noisy DRL,6,51,63.2699578444691,0.1646872979134664,18.04945916619596,0,0.07309470754701734
658,Noisy DRL,6,52,64.11044677679189,0.16196289135279893,18.402812084148454,0,0.06912561149158099
659,Noisy DRL,6,53,64.72340976632911,0.15997599976491397,18.767922838609564,0,0.06011422451157707
660,Noisy DRL,6,54,65.38471657534741,0.157832403889001,19.30505369155548,0,0.04678787482062577
661,Noisy DRL,6,55,65.96625413536829,0.15594737639745465,19.692811807818224,0,0.03738175542524318
662,Noisy DRL,6,56,66.4378861985833,0.15441860256373494,20.082106228905264,0,0.03756118407387138
663,Noisy DRL,6,57,66.97733081014817,0.1526700174750604,20.643547584290427,0,0.036822694881966836
664,Noisy DRL,6,58,67.74373421196407,0.15018575578857757,21.077763004710533,0,0.03504318598846413
665,Noisy DRL,6,59,68.73910683628631,0.14695930082313408,21.539479484407874,0,0.032969445772722615
666,Noisy DRL,6,60,69.7524585189634,0.14367456765256026,22.115707270941535,0,0.032011472513308346
667,Noisy DRL,6,61,70.72658805359036,0.14051697117144973,22.41691030467308,0,0.03013325873215125
668,Noisy DRL,6,62,71.6040026217445,0.13767287863862704,22.552429879290948,0,0.028522581532640527
669,Noisy DRL,6,63,72.41010891654189,0.13505992338674283,23.677683413058634,0,0.027079462704778408
670,Noisy DRL,6,64,73.25826484540949,0.13231066782221393,24.62602880814956,0,0.02408905989653999
671,Noisy DRL,6,65,74.25346357585246,0.12908477650572267,25.139120247825158,0,0.02195555420083543
672,Noisy DRL,6,66,74.99814477343827,0.12667092874304486,25.01951514593791,0,0.0202151753119327
673,Noisy DRL,6,67,75.74207427922714,0.12425952147727856,25.624144856383946,0,0.019232835242613967
674,Noisy DRL,6,68,76.49168251427504,0.12182970131397702,25.485216813032707,0,0.018468352834564074
675,Noisy DRL,6,69,77.16678253830823,0.11964139576269305,25.049564693052158,0,0.018070000151505488
676,Noisy DRL,6,70,77.92089985329709,0.11719696204661711,25.162675921656444,0,0.017698723922047275
677,Noisy DRL,6,71,78.76681286289345,0.11445498419027855,25.21139258240314,0,0.01673138355133299
678,Noisy DRL,6,72,79.69121675543145,0.11145866093603564,24.911415350931904,0,0.016631791636386926
679,Noisy DRL,6,73,80.44686665779977,0.10900940487579044,24.69263215504837,0,0.016248323813804887
680,Noisy DRL,6,74,80.98727386816398,0.1072577697306938,24.628810927752557,0,0.01572252754395777
681,Noisy DRL,6,75,81.6097132294952,0.10524019204638783,24.628810927752557,0,0.014242302126726303
682,Noisy DRL,6,76,82.19715865335401,0.103336014483446,25.234444212666183,0,0.014120806829195191
683,Noisy DRL,6,77,82.84709368484916,0.10122927976196502,25.90127097122969,0,0.013820430508210826
684,Noisy DRL,6,78,83.50622631936903,0.09909273137350204,26.074974906050482,0,0.012392069967759113
685,Noisy DRL,6,79,84.22830413759895,0.09675214904260508,25.860380691947544,0,0.012136816647927328
686,Noisy DRL,6,80,84.98191018653297,0.09430936938916468,25.673944831065466,0,0.011806965900170354
687,Noisy DRL,6,81,85.70251792026727,0.091973552268922,25.539636074323397,0,0.011085254885979145
688,Noisy DRL,6,82,86.44906075695309,0.0895536676947021,25.87417274854548,0,0.009657462411003246
689,Noisy DRL,6,83,87.18081252932559,0.08718172768120813,26.022432119596115,0,0.008224898186414333
690,Noisy DRL,6,84,87.83920987700853,0.0850475626915093,25.726698182509836,0,0.007836964336425164
691,Noisy DRL,6,85,88.41181413276294,0.08319149209844844,25.172165445040648,0,0.0075508362228708945
692,Noisy DRL,6,86,89.11316421120273,0.0809180977899884,24.682654486710263,0,0.006630254538939727
693,Noisy DRL,6,87,89.8898070040717,0.07840064557989937,24.25073653631537,0,0.005920905053221253
694,Noisy DRL,6,88,90.64509179226215,0.07595242436839646,23.881006546801835,0,0.005222799788709789
695,Noisy DRL,6,89,91.3183986545317,0.07376993086743747,23.43724407509984,0,0.004834358962038759
696,Noisy DRL,6,90,91.88434920434823,0.07193542797007933,22.896884306919166,0,0.00476599345193344
697,Noisy DRL,6,91,92.55436154656397,0.06976361350516441,22.643327279235677,0,0.00460090921233615
698,Noisy DRL,6,92,93.22397293717339,0.06759309870650769,22.165925867782423,0,0.004537804979315075
699,Noisy DRL,6,93,93.9196086647112,0.06533822720856003,20.98561956352987,0,0.004515670073919165
700,Noisy DRL,6,94,94.4590524501832,0.06358964476859696,19.837285367217227,0,0.004439714226143941
701,Noisy DRL,6,95,95.02997085960803,0.0617390387764069,19.088953795821524,0,0.004390142180685484
702,Noisy DRL,6,96,95.62678152271152,0.05980450441935518,18.273737213349133,0,0.004355454132876612
703,Noisy DRL,6,97,96.1567983808345,0.05808648733481384,17.479796689215014,0,0.004329814427813836
704,Noisy DRL,6,98,96.5012744561922,0.056846095944483706,16.596434720309798,0,0.00432358831809145
705,Noisy DRL,6,99,96.74046062270348,0.055971272759761714,15.39261394005459,0,0.0043203280088456196
706,Noisy DRL,6,100,97.1515151251183,0.05458509975633324,14.794584920979489,0,0.004298345261618489
707,Noisy DRL,7,0,1.4208815766555134,0.36649151046291,18.523617331819228,0,0.9984718747844222
708,Noisy DRL,7,1,2.749903488100922,0.36218354652055973,17.977057364350475,0,0.5202657980928309
709,Noisy DRL,7,2,4.075388451270568,0.3578870474344966,17.25698740578303,0,0.4428570504925123
710,Noisy DRL,7,3,5.47140754138669,0.353361915202632,16.880038221413425,0,0.41919673687590214
711,Noisy DRL,7,4,6.803125757917304,0.34904521150847684,16.765057638868225,0,0.4001832336050161
712,Noisy DRL,7,5,8.177590582141626,0.34458994809317123,16.549096227008395,0,0.3867890598927216
713,Noisy DRL,7,6,9.510343903367488,0.3402698889555182,17.018648229845418,0,0.368810959966733
714,Noisy DRL,7,7,10.871363403454252,0.33585820640907094,16.967821505928455,0,0.30772780075905737
715,Noisy DRL,7,8,12.20980853863144,0.33151969751874716,16.701787513913757,0,0.27190817398465944
716,Noisy DRL,7,9,13.538696376187772,0.32721216817258614,16.04182827471272,0,0.26035372923334005
717,Noisy DRL,7,10,14.907151279880829,0.3227763841613619,15.642175480683306,0,0.25065275912592727
718,Noisy DRL,7,11,16.247100216381828,0.3184330135590483,15.29656321926101,0,0.24258594080292623
719,Noisy DRL,7,12,17.59597494997849,0.3139373268766682,15.196718473440354,0,0.22888448646461743
720,Noisy DRL,7,13,18.88105954140268,0.30959680859348776,15.237023555974497,0,0.22223486562203684
721,Noisy DRL,7,14,20.025847951353995,0.30588637827266774,15.391366648671614,0,0.2167031831557624
722,Noisy DRL,7,15,21.119661341966474,0.3023408907664213,15.820724126901014,0,0.21292897375995437
723,Noisy DRL,7,16,22.178396060171046,0.29890905264433226,16.184190024686274,0,0.20912583807104532
724,Noisy DRL,7,17,23.18893304978096,0.2956334495467151,16.328877672046275,0,0.2032284496831969
725,Noisy DRL,7,18,24.305575494126685,0.29201390396934507,16.945026854943915,0,0.19819660056202285
726,Noisy DRL,7,19,25.481707665371694,0.2882015252999949,17.682804810800555,0,0.1903067944528276
727,Noisy DRL,7,20,26.7171262172873,0.2841969723803562,18.16091278255759,0,0.181039101979928
728,Noisy DRL,7,21,27.845479122759862,0.2805394678771342,18.3749125147815,0,0.16889755236779405
729,Noisy DRL,7,22,28.960654770279163,0.27692467689443895,18.181404460578978,0,0.1647886633119751
730,Noisy DRL,7,23,30.130380078446894,0.27313306572370616,18.15669346173146,0,0.15401312388031124
731,Noisy DRL,7,24,31.381709023570192,0.2690769400707528,18.192605415962312,0,0.14182583777248292
732,Noisy DRL,7,25,32.713272831126396,0.2647607367104959,18.57459684557434,0,0.12851564012995506
733,Noisy DRL,7,26,34.03641070711063,0.2604718456037926,18.600874923538527,0,0.11496051218353093
734,Noisy DRL,7,27,35.34956158101751,0.2562153269072523,18.093643265879813,0,0.1139981290195757
735,Noisy DRL,7,28,36.70424551438136,0.25182418070137147,17.667310207934236,0,0.11189274600111747
736,Noisy DRL,7,29,37.98515073694546,0.24767218527448048,17.496024000494575,0,0.10317584881371669
737,Noisy DRL,7,30,39.2918558597448,0.24343658849526073,17.599158098076824,0,0.09968049940292101
738,Noisy DRL,7,31,40.58049801749477,0.2391880829291261,18.117906379557578,0,0.09549985511749859
739,Noisy DRL,7,32,41.8483789544923,0.23483231997351628,18.323899630903206,0,0.0916724370951412
740,Noisy DRL,7,33,43.03753667064881,0.23069436690982745,18.358433389100036,0,0.08742923549027524
741,Noisy DRL,7,34,44.28287291136862,0.22658125614460076,19.127705366332652,0,0.08250851246890847
742,Noisy DRL,7,35,45.468401126508176,0.22273844873447707,20.021993602548434,0,0.05894742348530836
743,Noisy DRL,7,36,46.50111761426181,0.21939094664184822,20.454598629190315,0,0.057895296134434324
744,Noisy DRL,7,37,47.38822916359455,0.21651541501117808,21.125051051023757,0,0.05094562957486853
745,Noisy DRL,7,38,48.2712306277112,0.21365320601772775,21.220425435226417,0,0.046091993765102424
746,Noisy DRL,7,39,49.10234058504319,0.21095920100254928,22.27706500165038,0,0.03932250380757095
747,Noisy DRL,7,40,50.088631969204066,0.2077621824408209,23.27813763056894,0,0.03633109894169677
748,Noisy DRL,7,41,51.105519646208414,0.2044659873904354,23.76860417485667,0,0.03261999378259822
749,Noisy DRL,7,42,52.107817066163015,0.2012170859930339,23.947755064049108,0,0.02949031360330334
750,Noisy DRL,7,43,53.25172701211136,0.19750915404798172,24.44222426456223,0,0.025563025862351957
751,Noisy DRL,7,44,54.529471430539594,0.19336740376119713,24.8537557235539,0,0.022688915854291676
752,Noisy DRL,7,45,55.8001601538036,0.18924852418870647,25.283150299915665,0,0.021570463009496364
753,Noisy DRL,7,46,57.09389863861185,0.18505492986893077,25.673366424323405,0,0.021463075543234456
754,Noisy DRL,7,47,58.35461355769395,0.18096837994478107,26.387348372173015,0,0.02095054386225664
755,Noisy DRL,7,48,59.47599811572584,0.17733346302109432,26.32719177137843,0,0.020045114256480766
756,Noisy DRL,7,49,60.542777835139766,0.17387554519020457,26.448756020966023,0,0.019788880066277763
757,Noisy DRL,7,50,61.542338251687696,0.17063551566486587,25.90112302621329,0,0.01964051657650103
758,Noisy DRL,7,51,62.36312943396098,0.16797495846304725,25.8672038324595,0,0.019435541713162433
759,Noisy DRL,7,52,63.20115687031201,0.1652585307293131,25.841605761157112,0,0.019263701973804274
760,Noisy DRL,7,53,64.09535093335178,0.16236004143558785,25.359240214039406,0,0.019212143480178523
761,Noisy DRL,7,54,65.01004173948144,0.15939511288340533,25.03680006354564,0,0.01884086286113189
762,Noisy DRL,7,55,66.03154252152572,0.15608396466317653,25.044312240614104,0,0.018163106124248072
763,Noisy DRL,7,56,67.11848643631645,0.15256068551139962,24.81612052603627,0,0.01752519255363589
764,Noisy DRL,7,57,68.11632762055655,0.14932622879898338,24.325838901001116,0,0.01724931020051318
765,Noisy DRL,7,58,69.07655602736271,0.14621369219003275,23.794693787776268,0,0.017084886916027005
766,Noisy DRL,7,59,69.958928017032,0.14335352360817033,23.367428837688053,0,0.01701503034809669
767,Noisy DRL,7,60,70.76418501710097,0.14074331974980972,23.27611687601678,0,0.016700281070101346
768,Noisy DRL,7,61,71.6365138089687,0.13791570573580525,23.077846240809453,0,0.016443537934946625
769,Noisy DRL,7,62,72.60328172573821,0.1347819716037015,22.448746520719432,0,0.01617271569159197
770,Noisy DRL,7,63,73.72040442894841,0.13116086928748485,21.901230916952525,0,0.015884214944112462
771,Noisy DRL,7,64,74.8568858169655,0.12747701671871597,21.409076949678834,0,0.015688348690351878
772,Noisy DRL,7,65,76.06759463805835,0.12355260561472184,20.563638609972003,0,0.01561780778917768
773,Noisy DRL,7,66,77.20345883392076,0.11987077163871615,19.910466386499987,0,0.015603295770328224
774,Noisy DRL,7,67,78.0786521028308,0.11703390761490173,19.305141429440525,0,0.01557700249934763
775,Noisy DRL,7,68,78.89941297410594,0.11437345415612649,19.290813663182846,0,0.015535779587555703
776,Noisy DRL,7,69,79.7459613660007,0.11162940795095827,19.062722702204912,0,0.015521605877976505
777,Noisy DRL,7,70,80.54053598633871,0.10905383054164543,18.924928810361855,0,0.015507281939740991
778,Noisy DRL,7,71,81.30825974458769,0.1065652889761956,18.679919842512028,0,0.015493758181290564
779,Noisy DRL,7,72,81.8788861032267,0.10471562964681033,18.491455663875296,0,0.015480471888021962
780,Noisy DRL,7,73,82.33354896319702,0.10324186071272064,18.41937675772015,0,0.015468467667412944
781,Noisy DRL,7,74,82.84304360223238,0.10159035706935246,18.330627813374566,0,0.015456769759088714
782,Noisy DRL,7,75,83.29439541762828,0.10012732073652302,18.29710152105097,0,0.015445214255754023
783,Noisy DRL,7,76,83.87382383432745,0.09824912993715451,18.554360907009556,0,0.015433653207157488
784,Noisy DRL,7,77,84.53434611982566,0.0961080770587257,18.416617952012512,0,0.015422269282116381
785,Noisy DRL,7,78,85.26546334357299,0.09373819390713006,18.28679312107596,0,0.015409091511565007
786,Noisy DRL,7,79,85.85715777921108,0.09182024336739222,17.89560168255004,0,0.01539695228263222
787,Noisy DRL,7,80,86.33277913902215,0.09027853841426327,17.668130134641434,0,0.015379864432359551
788,Noisy DRL,7,81,86.96751407772605,0.08822107407950924,17.72276773079486,0,0.015354523595155373
789,Noisy DRL,7,82,87.651009691285,0.08600555423789237,17.846043242685706,0,0.015323091705187513
790,Noisy DRL,7,83,88.45311766019096,0.08340555791239522,18.007668442286302,0,0.015271767082698137
791,Noisy DRL,7,84,89.24003414986184,0.0808548054283127,18.012282118379815,0,0.015168459598555797
792,Noisy DRL,7,85,89.97939461180128,0.07845820559479821,18.51135965773507,0,0.015046162472393855
793,Noisy DRL,7,86,90.64173015077176,0.07631127544704999,19.07137941346138,0,0.014937600981627108
794,Noisy DRL,7,87,91.23166992284284,0.07439901280980812,18.497939975804638,0,0.01451138698783517
795,Noisy DRL,7,88,91.84283531230001,0.07241794806323426,18.72186517456201,0,0.014055074932693371
796,Noisy DRL,7,89,92.40897866580485,0.07058282019944333,18.906111553925633,0,0.013406667383370496
797,Noisy DRL,7,90,92.91894213479172,0.06892979686134913,19.26092768887732,0,0.013281180471913168
798,Noisy DRL,7,91,93.58559885457358,0.06676885949630575,19.6075479343599,0,0.009451573081641112
799,Noisy DRL,7,92,94.20620014241186,0.06475720871180779,20.39673993835564,0,0.005209743447662444
800,Noisy DRL,7,93,94.70169837441047,0.0631510737798999,21.318134523720456,0,0.004118814073392071
801,Noisy DRL,7,94,95.21579850641876,0.061484641637072936,21.6432035272713,0,0.003997264792757277
802,Noisy DRL,7,95,95.80308671774979,0.05958097367137423,21.582226590062664,0,0.003990202058522056
803,Noisy DRL,7,96,96.43087358390613,0.05754603116218054,21.620269085081766,0,0.00399168562417981
804,Noisy DRL,7,97,96.90491359295095,0.05600945208630094,22.000718011316074,0,0.003982947277580224
805,Noisy DRL,7,98,97.37005308095199,0.054501723639279555,22.000718011316074,0,0.003982108190872607
806,Noisy DRL,7,99,97.68759789240309,0.053472416608133566,21.718511671919902,0,0.003979798211136687
807,Noisy DRL,7,100,97.92417738832451,0.05270555495650163,22.032084584365307,0,0.003977810715679143
808,Noisy DRL,8,0,1.4340630028482724,0.3664461043141176,14.88722641607131,0,0.7444354657476374
809,Noisy DRL,8,1,2.7051558528723936,0.3623259147849737,14.12262700221,0,0.6257387256067821
810,Noisy DRL,8,2,4.008377912187557,0.35810157988706615,14.558154206141673,0,0.5486340508102595
811,Noisy DRL,8,3,5.325696666659816,0.353831551195454,14.743122324225201,0,0.5206109405629673
812,Noisy DRL,8,4,6.690415336063076,0.34940787785900274,15.308668806486669,0,0.4574378557037962
813,Noisy DRL,8,5,8.01795690072131,0.34510471240087764,16.281787904741567,0,0.400123094181719
814,Noisy DRL,8,6,9.399935095660204,0.34062509307967526,17.060794126102547,0,0.3896756524528134
815,Noisy DRL,8,7,10.73630299826254,0.3362933174421343,17.423723329916072,0,0.38097382482729647
816,Noisy DRL,8,8,12.08197420533764,0.3319313855670697,17.87943156793455,0,0.3698131874992531
817,Noisy DRL,8,9,13.374411526309828,0.3277420089400421,18.168789196571282,0,0.357568714777497
818,Noisy DRL,8,10,14.704160140206952,0.3234316895633011,18.37304241616685,0,0.34963709351782585
819,Noisy DRL,8,11,16.083181784982347,0.3189616561740912,18.679469621162443,0,0.3459323264465437
820,Noisy DRL,8,12,17.40971757798302,0.3146617517297581,18.53235789181779,0,0.3404156627877761
821,Noisy DRL,8,13,18.651585342427204,0.31063629402479176,18.803159368780165,0,0.3409195283286372
822,Noisy DRL,8,14,19.86512373891658,0.30670266464283386,18.327520224724566,0,0.34644687670060204
823,Noisy DRL,8,15,21.074547116820945,0.3027823738949488,18.041205853310124,0,0.34468707666380183
824,Noisy DRL,8,16,22.287873792264566,0.2988494307858902,17.335846455968753,0,0.3421270919432999
825,Noisy DRL,8,17,23.53548805652054,0.2948053460240517,17.208474597685814,0,0.32338136712999926
826,Noisy DRL,8,18,24.8288398026272,0.2906130053021259,16.81843303916932,0,0.2932758475764712
827,Noisy DRL,8,19,26.11836616241492,0.28643306476668967,16.480600670580216,0,0.25620139457771895
828,Noisy DRL,8,20,27.45934775830469,0.28208635356435435,16.0451781938649,0,0.23920662045510627
829,Noisy DRL,8,21,28.633869628570263,0.2782791991562344,16.418033756215618,0,0.2111062410167748
830,Noisy DRL,8,22,29.87005532441522,0.2742721600370426,16.487293099005143,0,0.18482934514474542
831,Noisy DRL,8,23,31.138175391140813,0.2701616066476942,16.629255964823884,0,0.15780249792166146
832,Noisy DRL,8,24,32.467087780386386,0.26585399775456237,16.291249373511217,0,0.15639883064487436
833,Noisy DRL,8,25,33.783783913497714,0.26158598728064036,16.101706711029827,0,0.14565325866944137
834,Noisy DRL,8,26,35.12097383024737,0.25725154714082515,15.913976937800209,0,0.1404499087615841
835,Noisy DRL,8,27,36.48400010828912,0.25283335960798775,15.913976937800209,0,0.13437584517727164
836,Noisy DRL,8,28,37.72006992741068,0.24882670044251934,15.994200505171406,0,0.12909910033241948
837,Noisy DRL,8,29,38.97592614810925,0.24475589994768035,15.68171695693677,0,0.12496994776634567
838,Noisy DRL,8,30,40.21696190020312,0.24073314871244758,15.545062016512874,0,0.12258915953368736
839,Noisy DRL,8,31,41.377713316484396,0.2369706260876412,16.143232811635812,0,0.10897985384628711
840,Noisy DRL,8,32,42.46399719200311,0.23344948668535564,17.017389627231864,0,0.10495590014651351
841,Noisy DRL,8,33,43.41082827924022,0.23038037701313752,17.41869728466948,0,0.10022898698079308
842,Noisy DRL,8,34,44.418996801381724,0.2271124447148667,18.491832063354227,0,0.09208760020164998
843,Noisy DRL,8,35,45.49849835351181,0.22361328964311872,19.332922865122363,0,0.0812694118199141
844,Noisy DRL,8,36,46.649852998012726,0.21988122604803187,19.899052674898176,0,0.07149714934780302
845,Noisy DRL,8,37,47.85844069864385,0.21596364410959742,20.601722121467848,0,0.0640548025977155
846,Noisy DRL,8,38,49.1481941067768,0.21178296723090886,21.59933174817608,0,0.05362838875480914
847,Noisy DRL,8,39,50.43073668911861,0.20762566397187504,22.291267061581763,0,0.04484542681373247
848,Noisy DRL,8,40,51.76764760887772,0.2032921281680978,22.774736405034524,0,0.042825241960986936
849,Noisy DRL,8,41,53.073555369723195,0.1990156941843803,23.043860162814028,0,0.04103424218851054
850,Noisy DRL,8,42,54.30722340960642,0.19474637053573562,23.04051051713816,0,0.035631038233214084
851,Noisy DRL,8,43,55.54631071848943,0.1905288284050497,23.098451447333638,0,0.033860530896632074
852,Noisy DRL,8,44,56.752233459722724,0.18659780699781708,22.87325053328285,0,0.029715169717404146
853,Noisy DRL,8,45,57.81105500996169,0.1831656983397175,22.926002190145958,0,0.028296133943776784
854,Noisy DRL,8,46,58.42364552326225,0.1803696558160668,22.56140102740007,1,0.028068000305399143
855,Noisy DRL,8,47,59.06566161239674,0.1774783162836026,22.253965205408633,2,0.027268101896778505
856,Noisy DRL,8,48,59.79737615826467,0.17427240114932122,21.994308265363074,3,0.02604652006244802
857,Noisy DRL,8,49,60.46418393701669,0.1712425020889837,21.80972235383623,4,0.024885081495765734
858,Noisy DRL,8,50,61.28667484962531,0.16837798104570129,21.497714881169504,4,0.0210152787155032
859,Noisy DRL,8,51,62.118885188425956,0.16542547358766427,21.459093565426855,4,0.02070010203473821
860,Noisy DRL,8,52,62.91298743190854,0.1625089198497723,21.35081408553022,4,0.020736000452080586
861,Noisy DRL,8,53,63.76915734028383,0.1595437238553437,21.512058282574646,4,0.02081084261792431
862,Noisy DRL,8,54,64.72535233772959,0.15644444500289212,21.807670693655897,4,0.020844293400371607
863,Noisy DRL,8,55,65.70576451359868,0.15326648629823936,22.769952737110646,4,0.020132126813704958
864,Noisy DRL,8,56,66.56367731851302,0.15048560108377876,23.323993380375754,4,0.01885655103696232
865,Noisy DRL,8,57,67.3240110940148,0.1480210138115156,23.946623699489514,4,0.018051333380460523
866,Noisy DRL,8,58,68.15373430206418,0.14533150385527657,24.364654621158827,4,0.017667192343771555
867,Noisy DRL,8,59,69.18223099207198,0.1419976787183048,24.841751320078988,4,0.017090600069236357
868,Noisy DRL,8,60,70.27653970605753,0.1384505269056049,25.13249532881953,4,0.017028208412653487
869,Noisy DRL,8,61,71.47945897598407,0.13455131892682587,24.633233243325314,4,0.016933487418834638
870,Noisy DRL,8,62,72.49221979008084,0.13126850091433404,24.16069822260385,4,0.01687068155722652
871,Noisy DRL,8,63,73.30465549730441,0.12863502760402268,23.497523717656534,4,0.016780854671090754
872,Noisy DRL,8,64,74.08129527558467,0.12611758516561397,23.054241610100284,4,0.01631568348264055
873,Noisy DRL,8,65,74.97894554698658,0.12320789332239651,22.42869816646449,4,0.016301300516797724
874,Noisy DRL,8,66,75.79006864113215,0.12057867804310783,21.829354809912314,4,0.01624213179252921
875,Noisy DRL,8,67,76.35308787139348,0.11875368134114424,21.387511119986275,4,0.016203919112972066
876,Noisy DRL,8,68,76.89182590131543,0.11700738657538068,21.10714345731987,4,0.01616780741245861
877,Noisy DRL,8,69,77.55194293268488,0.11486764732771686,20.849533914753817,4,0.016138870215072373
878,Noisy DRL,8,70,78.2466065301109,0.11261592702243348,20.487533988702054,4,0.016120157293347245
879,Noisy DRL,8,71,78.98261936245157,0.11023017745989158,19.82951821547945,4,0.016128677327480544
880,Noisy DRL,8,72,79.72992707532157,0.1078078142190329,19.258245052516365,4,0.016130268916031785
881,Noisy DRL,8,73,80.65157114981434,0.10482035853373835,18.690169510981853,4,0.016121024193163913
882,Noisy DRL,8,74,81.55788959717844,0.10188281405229237,18.12597122243618,4,0.016110761220647314
883,Noisy DRL,8,75,82.39696995497012,0.09916298466233,17.33533774648903,4,0.01611830951025419
884,Noisy DRL,8,76,82.94408483885887,0.09738956038833226,17.5513309538055,4,0.0161200210645874
885,Noisy DRL,8,77,83.5527603340374,0.09541656654546211,17.844292582173942,4,0.01612505927192931
886,Noisy DRL,8,78,84.22574619974984,0.0932351163738761,17.079167546007444,4,0.016131388456941884
887,Noisy DRL,8,79,84.89202036339954,0.09107541906414976,17.13190494493934,4,0.016136428601512345
888,Noisy DRL,8,80,85.63754249466695,0.08865884323129054,16.547343337776837,4,0.01613879049389824
889,Noisy DRL,8,81,86.42434606254447,0.08610847085222172,15.731044137445785,4,0.016133813910588633
890,Noisy DRL,8,82,87.1415314367089,0.08373022287945275,15.221492634157583,4,0.016137042408694808
891,Noisy DRL,8,83,87.66652798457032,0.0818760011120654,14.686770448892736,4,0.01614110316400922
892,Noisy DRL,8,84,88.21287154669213,0.0798753548491723,14.552047567226468,4,0.016136570715017156
893,Noisy DRL,8,85,88.65175054591745,0.07821203673916095,14.793554431438396,4,0.01614126612187153
894,Noisy DRL,8,86,89.30835907457377,0.07585106677240852,15.734021892370263,4,0.01614478591878806
895,Noisy DRL,8,87,89.89170513127634,0.07362840069886153,16.308795342824894,4,0.01614273594374583
896,Noisy DRL,8,88,90.1615188677044,0.07260047985671249,16.907010800880485,4,0.016141652736291142
897,Noisy DRL,8,89,90.33774045454415,0.07202926561817595,17.665835687339467,4,0.016114516744277763
898,Noisy DRL,8,90,90.50080729346435,0.07150070299219684,18.13945380810888,4,0.0160399813948995
899,Noisy DRL,8,91,90.75870491605599,0.07066473965086452,18.608462014463846,4,0.015946398488084525
900,Noisy DRL,8,92,91.11021278100799,0.06952534332723576,19.153851639824772,4,0.015860382694049515
901,Noisy DRL,8,93,91.43623515370224,0.06846856008889075,19.12250023495353,4,0.01586261821832765
902,Noisy DRL,8,94,91.82468564844795,0.06720941570419925,19.650854060514018,4,0.01586591240493848
903,Noisy DRL,8,95,92.10460193524128,0.06630209532502394,19.70038177403242,4,0.01586979663657847
904,Noisy DRL,8,96,92.38198862439677,0.06540296321678533,20.197905270743586,4,0.015845956831182825
905,Noisy DRL,8,97,92.45894180267015,0.06515352299781427,19.92868940709767,4,0.01585067853293941
906,Noisy DRL,8,98,92.58594519330623,0.06474184729994766,20.600361580884336,4,0.015852987081994258
907,Noisy DRL,8,99,92.77602433835928,0.0641257144163638,20.73672177866061,4,0.01583655584992276
908,Noisy DRL,8,100,93.04766972762216,0.06324518827047146,20.52305257044951,4,0.01574696138889846
909,Noisy DRL,9,0,1.5222786019000265,0.3653622833358483,17.499213091405615,0,0.6934749314041245
910,Noisy DRL,9,1,2.841510038209972,0.36108605479378564,17.089768263168914,0,0.6419375985711975
911,Noisy DRL,9,2,4.211681384798326,0.35664470690233224,16.582602031376148,0,0.5982700161576371
912,Noisy DRL,9,3,5.551879446152659,0.3523005172174093,16.08342540937118,0,0.5510785226940279
913,Noisy DRL,9,4,6.890797720570501,0.3479604887058893,15.690713313016973,0,0.5035336905765606
914,Noisy DRL,9,5,8.224653469886174,0.34363688624952193,15.288600981865237,0,0.45397130173868316
915,Noisy DRL,9,6,9.561578313146311,0.33930332862038237,15.068852220407923,0,0.4053025230078828
916,Noisy DRL,9,7,10.909491294338705,0.33493423604539174,15.175235562372999,0,0.36282015070484264
917,Noisy DRL,9,8,12.257747826572526,0.3305217573089061,15.321535750263754,0,0.32690631705789996
918,Noisy DRL,9,9,13.465735673993914,0.32660618052991747,15.79258996274011,0,0.23940653164986747
919,Noisy DRL,9,10,14.692959321685253,0.3226281964603871,15.63090367695368,0,0.21757787450016258
920,Noisy DRL,9,11,15.934486266872863,0.31860384401334396,16.04212397022745,0,0.2028444751097959
921,Noisy DRL,9,12,17.06159960953008,0.31495035754967293,16.235804782745927,0,0.19702985996424394
922,Noisy DRL,9,13,18.180845119901488,0.31132237425027026,16.864570198136374,0,0.1889914700778377
923,Noisy DRL,9,14,19.322890671152557,0.30762048565579597,16.98860207313072,0,0.1843019600742949
924,Noisy DRL,9,15,20.634404056497342,0.30336927480279074,17.2339592725949,0,0.1804766703759371
925,Noisy DRL,9,16,21.971261210163778,0.2990359132797651,17.542383406497834,0,0.1762489712525975
926,Noisy DRL,9,17,23.288678955626178,0.29476556371604745,17.52693270361854,0,0.1713977219722337
927,Noisy DRL,9,18,24.648386433160965,0.2903581340609028,17.560096611970035,0,0.16858580063615877
928,Noisy DRL,9,19,25.959757201600592,0.2861073863159543,17.868613650741,0,0.16479889052297417
929,Noisy DRL,9,20,27.305240216247153,0.28174607985257827,18.219847201506973,0,0.16298686952608338
930,Noisy DRL,9,21,28.67443442789579,0.2773080573336752,18.825441791139166,0,0.16086396196436267
931,Noisy DRL,9,22,30.02731676928261,0.27292286128020715,19.428064986427685,0,0.1590193325632488
932,Noisy DRL,9,23,31.35503613066126,0.2686191309335194,20.155321208962146,0,0.1573057374806186
933,Noisy DRL,9,24,32.63967875754693,0.26445502080145505,20.93364980635782,0,0.15577277748761156
934,Noisy DRL,9,25,33.866310441485965,0.2604789502354423,20.726498429300158,0,0.1537250406601033
935,Noisy DRL,9,26,35.1189195116784,0.25641867506070604,20.462482755207443,0,0.15175534972392604
936,Noisy DRL,9,27,36.36681816763422,0.2523736687490215,20.047088281524672,0,0.14990953224186518
937,Noisy DRL,9,28,37.462417646112876,0.24882233361750022,20.036210910021996,0,0.14713367647915243
938,Noisy DRL,9,29,38.437676682919005,0.24566107601180603,19.67891873582642,0,0.14150132386461853
939,Noisy DRL,9,30,39.54107096957254,0.24208447373647834,19.351682541957345,0,0.12674255266752857
940,Noisy DRL,9,31,40.524303838916175,0.23889736944069667,19.220853838724295,0,0.10359246014858103
941,Noisy DRL,9,32,41.30268367132536,0.23637428765405746,19.0602847818495,0,0.09834151514872329
942,Noisy DRL,9,33,42.13719294529994,0.23366926390845685,18.962452354355584,0,0.08432941639916065
943,Noisy DRL,9,34,43.126946707775126,0.23046102220498926,19.197882999907268,0,0.07443517065996913
944,Noisy DRL,9,35,44.25203170408005,0.2268141104760807,19.195116969179434,0,0.06558274005213724
945,Noisy DRL,9,36,45.42503001850281,0.2230118899106102,19.18014662600232,0,0.062078152811799174
946,Noisy DRL,9,37,46.664762713338895,0.21899335289449812,19.085300019422974,0,0.05984439103445881
947,Noisy DRL,9,38,47.910041657338056,0.21495683797316942,19.23707875588076,0,0.05934588955013999
948,Noisy DRL,9,39,49.142374892270674,0.21096228611739923,19.347055374175767,0,0.05798565180329516
949,Noisy DRL,9,40,50.421189209794356,0.2068170684551638,19.665810021215133,0,0.05759336829323626
950,Noisy DRL,9,41,51.58471991545364,0.20304556348456315,20.2299932791749,0,0.05771837145053068
951,Noisy DRL,9,42,52.715762902316804,0.19937043400663787,20.112619111139914,0,0.049980884776792904
952,Noisy DRL,9,43,53.88481511088361,0.1955730215414679,20.69984733210399,0,0.04602291598975357
953,Noisy DRL,9,44,54.99429939645033,0.1919689066866568,20.64863411360654,0,0.04387802386951444
954,Noisy DRL,9,45,56.00514609227569,0.18869230977701665,20.542000562758567,0,0.041925853797977475
955,Noisy DRL,9,46,57.022640432402305,0.1853941483054035,20.355336573442468,0,0.041409485585444966
956,Noisy DRL,9,47,58.06795478786322,0.18200582015601013,20.565853343589882,0,0.041304762633880554
957,Noisy DRL,9,48,59.17033159930022,0.17843262157054837,20.982792022714015,0,0.03987342111458319
958,Noisy DRL,9,49,60.3246293417955,0.1746910982308051,21.49096097502937,0,0.03826724708653658
959,Noisy DRL,9,50,61.47968526436055,0.17094705231676388,22.09789874235341,0,0.03561280923669916
960,Noisy DRL,9,51,62.65667361243733,0.1671318992058834,22.730292947814032,0,0.032363951844458345
961,Noisy DRL,9,52,63.805618541578326,0.16340764690678436,23.151071411571888,0,0.028485533456413345
962,Noisy DRL,9,53,64.9716189697679,0.15962810972088176,23.287198003737775,0,0.023876631501564115
963,Noisy DRL,9,54,66.08618648838105,0.1560152899169243,23.46287775325257,0,0.0189919330108122
964,Noisy DRL,9,55,67.24177954094668,0.1522694877150912,23.993508584791755,0,0.015219265324982162
965,Noisy DRL,9,56,68.33773851002653,0.14871698667581304,24.45823091060378,0,0.012900209235205195
966,Noisy DRL,9,57,69.48136238546299,0.1450099820244899,24.644221809964602,0,0.010745602872146041
967,Noisy DRL,9,58,70.66656525094515,0.1411682013445074,24.199231902344515,0,0.00920875718717895
968,Noisy DRL,9,59,71.85782841933265,0.13728845791043762,24.38188407652348,0,0.007841781772186753
969,Noisy DRL,9,60,73.00137889674274,0.13345430734446367,24.74216197000006,0,0.007681535094813114
970,Noisy DRL,9,61,74.0524354965416,0.13004765825966172,25.24979702846998,0,0.006457321505150999
971,Noisy DRL,9,62,74.90890603918629,0.12714527071163714,24.416470554104233,0,0.006022875441114691
972,Noisy DRL,9,63,75.64163095327028,0.12462751953110075,23.75491147347899,0,0.005967662695544889
973,Noisy DRL,9,64,76.32704550189182,0.12233698033803755,23.26679201235527,0,0.0057926103240886345
974,Noisy DRL,9,65,76.83242919719467,0.12069894687330307,22.513574494431566,0,0.005569494201900308
975,Noisy DRL,9,66,77.43911605634727,0.11873247011775467,21.66729444499385,0,0.005283220606299093
976,Noisy DRL,9,67,77.95346011306816,0.1170653922214384,21.148471563449586,0,0.004984832495221809
977,Noisy DRL,9,68,78.5427314729556,0.1151553014330399,20.803450107986958,0,0.004738141554415096
978,Noisy DRL,9,69,79.07881801682926,0.11341761387389741,20.019336382092554,0,0.0045341243743396865
979,Noisy DRL,9,70,79.6397295254517,0.11159944547254709,19.5847107085054,0,0.004346666039667302
980,Noisy DRL,9,71,80.31111069401008,0.10942320289647428,19.18486087782933,0,0.004170328165502005
981,Noisy DRL,9,72,81.17857940759009,0.10661167272887304,18.323992866951993,0,0.004158686310883781
982,Noisy DRL,9,73,82.06874163371077,0.10372642680461862,17.99796833958648,0,0.003968972226777065
983,Noisy DRL,9,74,82.94354083886579,0.10089084459675228,17.749006660624303,0,0.003953153887234358
984,Noisy DRL,9,75,83.75955952542972,0.09824576156640893,16.99041830870918,0,0.003942222551828354
985,Noisy DRL,9,76,84.55310212603817,0.09567352947000336,16.828436862424322,0,0.0038858879339362276
986,Noisy DRL,9,77,85.37760277925412,0.0930009482123669,16.75554396469389,0,0.003795298561639824
987,Noisy DRL,9,78,86.2466978844014,0.09018381617632769,16.740016712381838,0,0.003740033355416537
988,Noisy DRL,9,79,86.98013009664338,0.08780642909412067,16.474523991137083,0,0.0037377822770984994
989,Noisy DRL,9,80,87.69921615231245,0.0854755444455092,15.808131616052815,0,0.003723542659592482
990,Noisy DRL,9,81,88.52574291766932,0.08279639569437597,14.981732621960887,0,0.0037114217488475776
991,Noisy DRL,9,82,89.35461600893171,0.08010964408986135,13.937069611451466,0,0.003708807586550395
992,Noisy DRL,9,83,90.07987510685784,0.07775878488722349,13.691786721524151,0,0.0037074992691218927
993,Noisy DRL,9,84,90.63478235007453,0.07596013668315287,14.120003197603655,0,0.0036999217249240944
994,Noisy DRL,9,85,91.07958697409644,0.07451833494419051,14.290097984339937,0,0.0036983370776965535
995,Noisy DRL,9,86,91.68221602891072,0.07256494078417178,14.677543794718922,0,0.0036956334088523953
996,Noisy DRL,9,87,92.10570705106194,0.07119233717642619,15.026913027705602,0,0.0036942084117207977
997,Noisy DRL,9,88,92.62993124674881,0.06949312771654015,15.31898989444479,0,0.003692204562945522
998,Noisy DRL,9,89,92.99117260752473,0.06832227931714764,16.040813421478653,0,0.00369032554386637
999,Noisy DRL,9,90,93.28339688023269,0.06737539042438695,17.184745814596674,0,0.0036878321394795345
1000,Noisy DRL,9,91,93.67908994961579,0.06609282378156286,18.29663107075425,0,0.003685178220523518
1001,Noisy DRL,9,92,94.22386910438387,0.06432702851350197,19.58173936856831,0,0.0036768408325172208
1002,Noisy DRL,9,93,94.67441629654716,0.06286665915934858,20.170076993068683,0,0.003673986666306625
1003,Noisy DRL,9,94,95.23333437116509,0.061055092403022274,20.877136709141396,0,0.003672134810145695
1004,Noisy DRL,9,95,95.88003032317182,0.05895886766686185,21.575688808266083,0,0.00366191004864131
1005,Noisy DRL,9,96,96.27808098456761,0.05766860488662335,22.460249174722897,0,0.003659756512584343
1006,Noisy DRL,9,97,96.6005853024859,0.05662322602179642,23.639024810262974,0,0.0036442936068331413
1007,Noisy DRL,9,98,96.87920787722996,0.05572008367858829,24.05418799424015,0,0.0036418241296801357
1008,Noisy DRL,9,99,97.22330237669343,0.05460471704611832,23.66052502823628,0,0.003638595386172206
1009,Noisy DRL,9,100,97.55215268570542,0.05353876376031154,23.459187250811862,0,0.0036357225989491117
